school,person,round,proposal,value,vote,cutoff.12,cutoff.23,sd.logit
2,501,1,1,3,1,45.2349997236653,53.3449997656763,9.62798670543328
2,501,2,1,99,3,45.2349997236653,53.3449997656763,9.62798670543328
2,501,3,1,62,1,45.2349997236653,53.3449997656763,9.62798670543328
2,501,4,1,9,1,45.2349997236653,53.3449997656763,9.62798670543328
2,501,5,1,15,1,45.2349997236653,53.3449997656763,9.62798670543328
2,501,6,1,68,3,45.2349997236653,53.3449997656763,9.62798670543328
2,501,7,1,37,1,45.2349997236653,53.3449997656763,9.62798670543328
2,501,8,1,54,3,45.2349997236653,53.3449997656763,9.62798670543328
2,501,9,1,78,3,45.2349997236653,53.3449997656763,9.62798670543328
2,501,10,1,31,1,45.2349997236653,53.3449997656763,9.62798670543328
2,501,11,1,39,1,45.2349997236653,53.3449997656763,9.62798670543328
2,501,12,1,54,1,45.2349997236653,53.3449997656763,9.62798670543328
2,501,13,1,45,1,45.2349997236653,53.3449997656763,9.62798670543328
2,501,14,1,47,3,45.2349997236653,53.3449997656763,9.62798670543328
2,501,15,1,23,1,45.2349997236653,53.3449997656763,9.62798670543328
2,501,16,1,68,3,45.2349997236653,53.3449997656763,9.62798670543328
2,501,17,1,59,3,45.2349997236653,53.3449997656763,9.62798670543328
2,501,18,1,1,1,45.2349997236653,53.3449997656763,9.62798670543328
2,501,19,1,44,3,45.2349997236653,53.3449997656763,9.62798670543328
2,501,20,1,1,1,45.2349997236653,53.3449997656763,9.62798670543328
2,501,21,1,14,1,45.2349997236653,53.3449997656763,9.62798670543328
2,501,22,1,14,1,45.2349997236653,53.3449997656763,9.62798670543328
2,501,23,1,90,3,45.2349997236653,53.3449997656763,9.62798670543328
2,501,24,1,43,1,45.2349997236653,53.3449997656763,9.62798670543328
2,501,25,1,42,1,45.2349997236653,53.3449997656763,9.62798670543328
2,501,26,1,14,1,45.2349997236653,53.3449997656763,9.62798670543328
2,501,27,1,53,3,45.2349997236653,53.3449997656763,9.62798670543328
2,501,28,1,7,1,45.2349997236653,53.3449997656763,9.62798670543328
2,501,29,1,48,2,45.2349997236653,53.3449997656763,9.62798670543328
2,501,30,1,36,2,45.2349997236653,53.3449997656763,9.62798670543328
2,502,1,1,6,1,45.64,91.67,6.96849983855923
2,502,2,1,2,1,45.64,91.67,6.96849983855923
2,502,3,1,68,2,45.64,91.67,6.96849983855923
2,502,4,1,76,2,45.64,91.67,6.96849983855923
2,502,5,1,16,1,45.64,91.67,6.96849983855923
2,502,6,1,76,2,45.64,91.67,6.96849983855923
2,502,7,1,1,1,45.64,91.67,6.96849983855923
2,502,8,1,31,1,45.64,91.67,6.96849983855923
2,502,9,1,40,2,45.64,91.67,6.96849983855923
2,502,10,1,93,2,45.64,91.67,6.96849983855923
2,502,11,1,56,2,45.64,91.67,6.96849983855923
2,502,12,1,97,3,45.64,91.67,6.96849983855923
2,502,13,1,89,3,45.64,91.67,6.96849983855923
2,502,14,1,78,2,45.64,91.67,6.96849983855923
2,502,15,1,38,1,45.64,91.67,6.96849983855923
2,502,16,1,67,2,45.64,91.67,6.96849983855923
2,502,17,1,71,2,45.64,91.67,6.96849983855923
2,502,18,1,54,1,45.64,91.67,6.96849983855923
2,502,19,1,58,1,45.64,91.67,6.96849983855923
2,502,20,1,14,1,45.64,91.67,6.96849983855923
2,502,21,1,10,1,45.64,91.67,6.96849983855923
2,502,22,1,72,2,45.64,91.67,6.96849983855923
2,502,23,1,23,1,45.64,91.67,6.96849983855923
2,502,24,1,6,1,45.64,91.67,6.96849983855923
2,502,25,1,11,1,45.64,91.67,6.96849983855923
2,502,26,1,89,2,45.64,91.67,6.96849983855923
2,502,27,1,56,2,45.64,91.67,6.96849983855923
2,502,28,1,99,3,45.64,91.67,6.96849983855923
2,502,29,1,52,2,45.64,91.67,6.96849983855923
2,502,30,1,5,1,45.64,91.67,6.96849983855923
2,503,1,1,43,2,40.74,96.3,3.58799944258636
2,503,2,1,14,1,40.74,96.3,3.58799944258636
2,503,3,1,60,2,40.74,96.3,3.58799944258636
2,503,4,1,88,3,40.74,96.3,3.58799944258636
2,503,5,1,26,1,40.74,96.3,3.58799944258636
2,503,6,1,88,2,40.74,96.3,3.58799944258636
2,503,7,1,91,2,40.74,96.3,3.58799944258636
2,503,8,1,31,1,40.74,96.3,3.58799944258636
2,503,9,1,9,1,40.74,96.3,3.58799944258636
2,503,10,1,82,2,40.74,96.3,3.58799944258636
2,503,11,1,93,2,40.74,96.3,3.58799944258636
2,503,12,1,55,2,40.74,96.3,3.58799944258636
2,503,13,1,56,2,40.74,96.3,3.58799944258636
2,503,14,1,38,1,40.74,96.3,3.58799944258636
2,503,15,1,10,1,40.74,96.3,3.58799944258636
2,503,16,1,4,1,40.74,96.3,3.58799944258636
2,503,17,1,69,2,40.74,96.3,3.58799944258636
2,503,18,1,35,1,40.74,96.3,3.58799944258636
2,503,19,1,97,2,40.74,96.3,3.58799944258636
2,503,20,1,86,2,40.74,96.3,3.58799944258636
2,503,21,1,86,2,40.74,96.3,3.58799944258636
2,503,22,1,37,1,40.74,96.3,3.58799944258636
2,503,23,1,34,1,40.74,96.3,3.58799944258636
2,503,24,1,52,2,40.74,96.3,3.58799944258636
2,503,25,1,55,2,40.74,96.3,3.58799944258636
2,503,26,1,47,2,40.74,96.3,3.58799944258636
2,503,27,1,73,2,40.74,96.3,3.58799944258636
2,503,28,1,51,2,40.74,96.3,3.58799944258636
2,503,29,1,88,2,40.74,96.3,3.58799944258636
2,503,30,1,46,2,40.74,96.3,3.58799944258636
2,504,1,1,47,3,12.4999839999898,16.28,12.9449758593827
2,504,2,1,89,3,12.4999839999898,16.28,12.9449758593827
2,504,3,1,50,3,12.4999839999898,16.28,12.9449758593827
2,504,4,1,39,1,12.4999839999898,16.28,12.9449758593827
2,504,5,1,59,3,12.4999839999898,16.28,12.9449758593827
2,504,6,1,95,3,12.4999839999898,16.28,12.9449758593827
2,504,7,1,49,3,12.4999839999898,16.28,12.9449758593827
2,504,8,1,7,3,12.4999839999898,16.28,12.9449758593827
2,504,9,1,7,3,12.4999839999898,16.28,12.9449758593827
2,504,10,1,25,3,12.4999839999898,16.28,12.9449758593827
2,504,11,1,20,3,12.4999839999898,16.28,12.9449758593827
2,504,12,1,83,3,12.4999839999898,16.28,12.9449758593827
2,504,13,1,82,3,12.4999839999898,16.28,12.9449758593827
2,504,14,1,84,3,12.4999839999898,16.28,12.9449758593827
2,504,15,1,39,3,12.4999839999898,16.28,12.9449758593827
2,504,16,1,68,3,12.4999839999898,16.28,12.9449758593827
2,504,17,1,32,3,12.4999839999898,16.28,12.9449758593827
2,504,18,1,71,3,12.4999839999898,16.28,12.9449758593827
2,504,19,1,70,3,12.4999839999898,16.28,12.9449758593827
2,504,20,1,78,3,12.4999839999898,16.28,12.9449758593827
2,504,21,1,44,3,12.4999839999898,16.28,12.9449758593827
2,504,22,1,93,3,12.4999839999898,16.28,12.9449758593827
2,504,23,1,14,3,12.4999839999898,16.28,12.9449758593827
2,504,24,1,74,3,12.4999839999898,16.28,12.9449758593827
2,504,25,1,34,3,12.4999839999898,16.28,12.9449758593827
2,504,26,1,33,3,12.4999839999898,16.28,12.9449758593827
2,504,27,1,14,3,12.4999839999898,16.28,12.9449758593827
2,504,28,1,68,3,12.4999839999898,16.28,12.9449758593827
2,504,29,1,62,3,12.4999839999898,16.28,12.9449758593827
2,504,30,1,18,3,12.4999839999898,16.28,12.9449758593827
2,505,1,1,60,2,35.86,82.4599993936454,3.16499984202211
2,505,2,1,80,3,35.86,82.4599993936454,3.16499984202211
2,505,3,1,99,3,35.86,82.4599993936454,3.16499984202211
2,505,4,1,61,2,35.86,82.4599993936454,3.16499984202211
2,505,5,1,92,3,35.86,82.4599993936454,3.16499984202211
2,505,6,1,7,1,35.86,82.4599993936454,3.16499984202211
2,505,7,1,43,2,35.86,82.4599993936454,3.16499984202211
2,505,8,1,73,2,35.86,82.4599993936454,3.16499984202211
2,505,9,1,2,1,35.86,82.4599993936454,3.16499984202211
2,505,10,1,63,2,35.86,82.4599993936454,3.16499984202211
2,505,11,1,60,2,35.86,82.4599993936454,3.16499984202211
2,505,12,1,26,1,35.86,82.4599993936454,3.16499984202211
2,505,13,1,94,3,35.86,82.4599993936454,3.16499984202211
2,505,14,1,84,3,35.86,82.4599993936454,3.16499984202211
2,505,15,1,47,2,35.86,82.4599993936454,3.16499984202211
2,505,16,1,89,3,35.86,82.4599993936454,3.16499984202211
2,505,17,1,61,2,35.86,82.4599993936454,3.16499984202211
2,505,18,1,72,2,35.86,82.4599993936454,3.16499984202211
2,505,19,1,6,1,35.86,82.4599993936454,3.16499984202211
2,505,20,1,90,3,35.86,82.4599993936454,3.16499984202211
2,505,21,1,79,2,35.86,82.4599993936454,3.16499984202211
2,505,22,1,7,1,35.86,82.4599993936454,3.16499984202211
2,505,23,1,7,1,35.86,82.4599993936454,3.16499984202211
2,505,24,1,88,3,35.86,82.4599993936454,3.16499984202211
2,505,25,1,27,1,35.86,82.4599993936454,3.16499984202211
2,505,26,1,76,2,35.86,82.4599993936454,3.16499984202211
2,505,27,1,86,2,35.86,82.4599993936454,3.16499984202211
2,505,28,1,20,1,35.86,82.4599993936454,3.16499984202211
2,505,29,1,81,2,35.86,82.4599993936454,3.16499984202211
2,505,30,1,70,2,35.86,82.4599993936454,3.16499984202211
2,506,1,1,67,2,41.2949996972999,66.4499992475545,5.68799991209564
2,506,2,1,34,1,41.2949996972999,66.4499992475545,5.68799991209564
2,506,3,1,90,3,41.2949996972999,66.4499992475545,5.68799991209564
2,506,4,1,77,2,41.2949996972999,66.4499992475545,5.68799991209564
2,506,5,1,24,1,41.2949996972999,66.4499992475545,5.68799991209564
2,506,6,1,49,2,41.2949996972999,66.4499992475545,5.68799991209564
2,506,7,1,44,1,41.2949996972999,66.4499992475545,5.68799991209564
2,506,8,1,14,1,41.2949996972999,66.4499992475545,5.68799991209564
2,506,9,1,87,3,41.2949996972999,66.4499992475545,5.68799991209564
2,506,10,1,80,3,41.2949996972999,66.4499992475545,5.68799991209564
2,506,11,1,87,3,41.2949996972999,66.4499992475545,5.68799991209564
2,506,12,1,22,1,41.2949996972999,66.4499992475545,5.68799991209564
2,506,13,1,95,3,41.2949996972999,66.4499992475545,5.68799991209564
2,506,14,1,48,2,41.2949996972999,66.4499992475545,5.68799991209564
2,506,15,1,65,3,41.2949996972999,66.4499992475545,5.68799991209564
2,506,16,1,71,3,41.2949996972999,66.4499992475545,5.68799991209564
2,506,17,1,28,1,41.2949996972999,66.4499992475545,5.68799991209564
2,506,18,1,99,3,41.2949996972999,66.4499992475545,5.68799991209564
2,506,19,1,93,3,41.2949996972999,66.4499992475545,5.68799991209564
2,506,20,1,31,1,41.2949996972999,66.4499992475545,5.68799991209564
2,506,21,1,58,3,41.2949996972999,66.4499992475545,5.68799991209564
2,506,22,1,10,1,41.2949996972999,66.4499992475545,5.68799991209564
2,506,23,1,50,2,41.2949996972999,66.4499992475545,5.68799991209564
2,506,24,1,36,1,41.2949996972999,66.4499992475545,5.68799991209564
2,506,25,1,19,1,41.2949996972999,66.4499992475545,5.68799991209564
2,506,26,1,89,3,41.2949996972999,66.4499992475545,5.68799991209564
2,506,27,1,46,2,41.2949996972999,66.4499992475545,5.68799991209564
2,506,28,1,16,1,41.2949996972999,66.4499992475545,5.68799991209564
2,506,29,1,52,2,41.2949996972999,66.4499992475545,5.68799991209564
2,506,30,1,8,1,41.2949996972999,66.4499992475545,5.68799991209564
2,507,1,1,66,2,38.3549996740973,89.4449998602493,6.44999372092718
2,507,2,1,17,1,38.3549996740973,89.4449998602493,6.44999372092718
2,507,3,1,17,1,38.3549996740973,89.4449998602493,6.44999372092718
2,507,4,1,69,2,38.3549996740973,89.4449998602493,6.44999372092718
2,507,5,1,25,1,38.3549996740973,89.4449998602493,6.44999372092718
2,507,6,1,95,3,38.3549996740973,89.4449998602493,6.44999372092718
2,507,7,1,44,2,38.3549996740973,89.4449998602493,6.44999372092718
2,507,8,1,31,2,38.3549996740973,89.4449998602493,6.44999372092718
2,507,9,1,40,2,38.3549996740973,89.4449998602493,6.44999372092718
2,507,10,1,96,3,38.3549996740973,89.4449998602493,6.44999372092718
2,507,11,1,41,2,38.3549996740973,89.4449998602493,6.44999372092718
2,507,12,1,46,1,38.3549996740973,89.4449998602493,6.44999372092718
2,507,13,1,28,1,38.3549996740973,89.4449998602493,6.44999372092718
2,507,14,1,19,1,38.3549996740973,89.4449998602493,6.44999372092718
2,507,15,1,89,2,38.3549996740973,89.4449998602493,6.44999372092718
2,507,16,1,54,2,38.3549996740973,89.4449998602493,6.44999372092718
2,507,17,1,36,1,38.3549996740973,89.4449998602493,6.44999372092718
2,507,18,1,61,2,38.3549996740973,89.4449998602493,6.44999372092718
2,507,19,1,89,3,38.3549996740973,89.4449998602493,6.44999372092718
2,507,20,1,48,1,38.3549996740973,89.4449998602493,6.44999372092718
2,507,21,1,88,2,38.3549996740973,89.4449998602493,6.44999372092718
2,507,22,1,80,2,38.3549996740973,89.4449998602493,6.44999372092718
2,507,23,1,70,2,38.3549996740973,89.4449998602493,6.44999372092718
2,507,24,1,61,2,38.3549996740973,89.4449998602493,6.44999372092718
2,507,25,1,18,1,38.3549996740973,89.4449998602493,6.44999372092718
2,507,26,1,59,2,38.3549996740973,89.4449998602493,6.44999372092718
2,507,27,1,12,1,38.3549996740973,89.4449998602493,6.44999372092718
2,507,28,1,28,1,38.3549996740973,89.4449998602493,6.44999372092718
2,507,29,1,2,1,38.3549996740973,89.4449998602493,6.44999372092718
2,507,30,1,42,2,38.3549996740973,89.4449998602493,6.44999372092718
2,508,1,1,35,1,28.6499930191964,81.144998613593,40.78
2,508,2,1,82,2,28.6499930191964,81.144998613593,40.78
2,508,3,1,25,1,28.6499930191964,81.144998613593,40.78
2,508,4,1,10,1,28.6499930191964,81.144998613593,40.78
2,508,5,1,69,2,28.6499930191964,81.144998613593,40.78
2,508,6,1,20,1,28.6499930191964,81.144998613593,40.78
2,508,7,1,4,2,28.6499930191964,81.144998613593,40.78
2,508,8,1,1,2,28.6499930191964,81.144998613593,40.78
2,508,9,1,46,1,28.6499930191964,81.144998613593,40.78
2,508,10,1,59,2,28.6499930191964,81.144998613593,40.78
2,508,11,1,95,2,28.6499930191964,81.144998613593,40.78
2,508,12,1,98,2,28.6499930191964,81.144998613593,40.78
2,508,13,1,13,2,28.6499930191964,81.144998613593,40.78
2,508,14,1,50,1,28.6499930191964,81.144998613593,40.78
2,508,15,1,95,3,28.6499930191964,81.144998613593,40.78
2,508,16,1,63,2,28.6499930191964,81.144998613593,40.78
2,508,17,1,88,1,28.6499930191964,81.144998613593,40.78
2,508,18,1,40,3,28.6499930191964,81.144998613593,40.78
2,508,19,1,19,1,28.6499930191964,81.144998613593,40.78
2,508,20,1,15,3,28.6499930191964,81.144998613593,40.78
2,508,21,1,5,1,28.6499930191964,81.144998613593,40.78
2,508,22,1,3,3,28.6499930191964,81.144998613593,40.78
2,508,23,1,74,3,28.6499930191964,81.144998613593,40.78
2,508,24,1,24,3,28.6499930191964,81.144998613593,40.78
2,508,25,1,44,1,28.6499930191964,81.144998613593,40.78
2,508,26,1,46,2,28.6499930191964,81.144998613593,40.78
2,508,27,1,20,3,28.6499930191964,81.144998613593,40.78
2,508,28,1,12,3,28.6499930191964,81.144998613593,40.78
2,508,29,1,26,1,28.6499930191964,81.144998613593,40.78
2,508,30,1,42,3,28.6499930191964,81.144998613593,40.78
2,509,1,1,99,3,43.71,60.204999792376,1.57999493670075
2,509,2,1,20,1,43.71,60.204999792376,1.57999493670075
2,509,3,1,26,1,43.71,60.204999792376,1.57999493670075
2,509,4,1,91,3,43.71,60.204999792376,1.57999493670075
2,509,5,1,4,1,43.71,60.204999792376,1.57999493670075
2,509,6,1,51,2,43.71,60.204999792376,1.57999493670075
2,509,7,1,21,1,43.71,60.204999792376,1.57999493670075
2,509,8,1,34,1,43.71,60.204999792376,1.57999493670075
2,509,9,1,55,2,43.71,60.204999792376,1.57999493670075
2,509,10,1,93,3,43.71,60.204999792376,1.57999493670075
2,509,11,1,84,3,43.71,60.204999792376,1.57999493670075
2,509,12,1,83,3,43.71,60.204999792376,1.57999493670075
2,509,13,1,95,3,43.71,60.204999792376,1.57999493670075
2,509,14,1,58,2,43.71,60.204999792376,1.57999493670075
2,509,15,1,61,3,43.71,60.204999792376,1.57999493670075
2,509,16,1,4,1,43.71,60.204999792376,1.57999493670075
2,509,17,1,3,1,43.71,60.204999792376,1.57999493670075
2,509,18,1,39,1,43.71,60.204999792376,1.57999493670075
2,509,19,1,83,3,43.71,60.204999792376,1.57999493670075
2,509,20,1,33,1,43.71,60.204999792376,1.57999493670075
2,509,21,1,19,1,43.71,60.204999792376,1.57999493670075
2,509,22,1,73,3,43.71,60.204999792376,1.57999493670075
2,509,23,1,76,3,43.71,60.204999792376,1.57999493670075
2,509,24,1,68,3,43.71,60.204999792376,1.57999493670075
2,509,25,1,36,1,43.71,60.204999792376,1.57999493670075
2,509,26,1,74,3,43.71,60.204999792376,1.57999493670075
2,509,27,1,97,3,43.71,60.204999792376,1.57999493670075
2,509,28,1,22,1,43.71,60.204999792376,1.57999493670075
2,509,29,1,55,2,43.71,60.204999792376,1.57999493670075
2,509,30,1,82,3,43.71,60.204999792376,1.57999493670075
2,510,1,1,85,3,38.289998694176,73.3849998296654,6.36799803706
2,510,2,1,31,2,38.289998694176,73.3849998296654,6.36799803706
2,510,3,1,68,2,38.289998694176,73.3849998296654,6.36799803706
2,510,4,1,43,2,38.289998694176,73.3849998296654,6.36799803706
2,510,5,1,99,3,38.289998694176,73.3849998296654,6.36799803706
2,510,6,1,23,1,38.289998694176,73.3849998296654,6.36799803706
2,510,7,1,33,2,38.289998694176,73.3849998296654,6.36799803706
2,510,8,1,29,1,38.289998694176,73.3849998296654,6.36799803706
2,510,9,1,77,3,38.289998694176,73.3849998296654,6.36799803706
2,510,10,1,49,1,38.289998694176,73.3849998296654,6.36799803706
2,510,11,1,14,1,38.289998694176,73.3849998296654,6.36799803706
2,510,12,1,44,1,38.289998694176,73.3849998296654,6.36799803706
2,510,13,1,64,2,38.289998694176,73.3849998296654,6.36799803706
2,510,14,1,68,2,38.289998694176,73.3849998296654,6.36799803706
2,510,15,1,52,2,38.289998694176,73.3849998296654,6.36799803706
2,510,16,1,62,2,38.289998694176,73.3849998296654,6.36799803706
2,510,17,1,40,2,38.289998694176,73.3849998296654,6.36799803706
2,510,18,1,74,3,38.289998694176,73.3849998296654,6.36799803706
2,510,19,1,36,1,38.289998694176,73.3849998296654,6.36799803706
2,510,20,1,65,2,38.289998694176,73.3849998296654,6.36799803706
2,510,21,1,82,3,38.289998694176,73.3849998296654,6.36799803706
2,510,22,1,46,2,38.289998694176,73.3849998296654,6.36799803706
2,510,23,1,73,3,38.289998694176,73.3849998296654,6.36799803706
2,510,24,1,88,3,38.289998694176,73.3849998296654,6.36799803706
2,510,25,1,89,3,38.289998694176,73.3849998296654,6.36799803706
2,510,26,1,76,2,38.289998694176,73.3849998296654,6.36799803706
2,510,27,1,28,1,38.289998694176,73.3849998296654,6.36799803706
2,510,28,1,7,1,38.289998694176,73.3849998296654,6.36799803706
2,510,29,1,39,1,38.289998694176,73.3849998296654,6.36799803706
2,510,30,1,90,3,38.289998694176,73.3849998296654,6.36799803706
2,511,1,1,91,3,51.6,68.25,6.9364995494846
2,511,2,1,85,2,51.6,68.25,6.9364995494846
2,511,3,1,25,1,51.6,68.25,6.9364995494846
2,511,4,1,59,1,51.6,68.25,6.9364995494846
2,511,5,1,34,1,51.6,68.25,6.9364995494846
2,511,6,1,30,1,51.6,68.25,6.9364995494846
2,511,7,1,55,2,51.6,68.25,6.9364995494846
2,511,8,1,40,1,51.6,68.25,6.9364995494846
2,511,9,1,70,3,51.6,68.25,6.9364995494846
2,511,10,1,19,1,51.6,68.25,6.9364995494846
2,511,11,1,88,3,51.6,68.25,6.9364995494846
2,511,12,1,97,3,51.6,68.25,6.9364995494846
2,511,13,1,36,1,51.6,68.25,6.9364995494846
2,511,14,1,69,2,51.6,68.25,6.9364995494846
2,511,15,1,74,3,51.6,68.25,6.9364995494846
2,511,16,1,77,3,51.6,68.25,6.9364995494846
2,511,17,1,88,3,51.6,68.25,6.9364995494846
2,511,18,1,70,3,51.6,68.25,6.9364995494846
2,511,19,1,97,3,51.6,68.25,6.9364995494846
2,511,20,1,1,1,51.6,68.25,6.9364995494846
2,511,21,1,18,1,51.6,68.25,6.9364995494846
2,511,22,1,63,2,51.6,68.25,6.9364995494846
2,511,23,1,75,3,51.6,68.25,6.9364995494846
2,511,24,1,64,3,51.6,68.25,6.9364995494846
2,511,25,1,30,1,51.6,68.25,6.9364995494846
2,511,26,1,10,1,51.6,68.25,6.9364995494846
2,511,27,1,39,1,51.6,68.25,6.9364995494846
2,511,28,1,56,1,51.6,68.25,6.9364995494846
2,511,29,1,17,1,51.6,68.25,6.9364995494846
2,511,30,1,79,3,51.6,68.25,6.9364995494846
2,512,1,1,81,3,32.2049996118615,84.2099994062463,7.06949856779107
2,512,2,1,16,1,32.2049996118615,84.2099994062463,7.06949856779107
2,512,3,1,32,2,32.2049996118615,84.2099994062463,7.06949856779107
2,512,4,1,23,1,32.2049996118615,84.2099994062463,7.06949856779107
2,512,5,1,70,3,32.2049996118615,84.2099994062463,7.06949856779107
2,512,6,1,44,2,32.2049996118615,84.2099994062463,7.06949856779107
2,512,7,1,13,1,32.2049996118615,84.2099994062463,7.06949856779107
2,512,8,1,89,2,32.2049996118615,84.2099994062463,7.06949856779107
2,512,9,1,14,1,32.2049996118615,84.2099994062463,7.06949856779107
2,512,10,1,83,2,32.2049996118615,84.2099994062463,7.06949856779107
2,512,11,1,7,1,32.2049996118615,84.2099994062463,7.06949856779107
2,512,12,1,5,1,32.2049996118615,84.2099994062463,7.06949856779107
2,512,13,1,22,1,32.2049996118615,84.2099994062463,7.06949856779107
2,512,14,1,45,1,32.2049996118615,84.2099994062463,7.06949856779107
2,512,15,1,46,2,32.2049996118615,84.2099994062463,7.06949856779107
2,512,16,1,25,1,32.2049996118615,84.2099994062463,7.06949856779107
2,512,17,1,1,1,32.2049996118615,84.2099994062463,7.06949856779107
2,512,18,1,12,1,32.2049996118615,84.2099994062463,7.06949856779107
2,512,19,1,46,2,32.2049996118615,84.2099994062463,7.06949856779107
2,512,20,1,43,2,32.2049996118615,84.2099994062463,7.06949856779107
2,512,21,1,66,2,32.2049996118615,84.2099994062463,7.06949856779107
2,512,22,1,46,2,32.2049996118615,84.2099994062463,7.06949856779107
2,512,23,1,75,2,32.2049996118615,84.2099994062463,7.06949856779107
2,512,24,1,77,2,32.2049996118615,84.2099994062463,7.06949856779107
2,512,25,1,61,2,32.2049996118615,84.2099994062463,7.06949856779107
2,512,26,1,46,2,32.2049996118615,84.2099994062463,7.06949856779107
2,512,27,1,91,3,32.2049996118615,84.2099994062463,7.06949856779107
2,512,28,1,33,2,32.2049996118615,84.2099994062463,7.06949856779107
2,512,29,1,67,2,32.2049996118615,84.2099994062463,7.06949856779107
2,512,30,1,43,2,32.2049996118615,84.2099994062463,7.06949856779107
2,513,1,1,13,1,37.8949996701412,61.2649997959684,5.16349997579161
2,513,2,1,95,3,37.8949996701412,61.2649997959684,5.16349997579161
2,513,3,1,95,3,37.8949996701412,61.2649997959684,5.16349997579161
2,513,4,1,87,3,37.8949996701412,61.2649997959684,5.16349997579161
2,513,5,1,41,1,37.8949996701412,61.2649997959684,5.16349997579161
2,513,6,1,25,1,37.8949996701412,61.2649997959684,5.16349997579161
2,513,7,1,49,2,37.8949996701412,61.2649997959684,5.16349997579161
2,513,8,1,88,3,37.8949996701412,61.2649997959684,5.16349997579161
2,513,9,1,77,3,37.8949996701412,61.2649997959684,5.16349997579161
2,513,10,1,29,2,37.8949996701412,61.2649997959684,5.16349997579161
2,513,11,1,86,3,37.8949996701412,61.2649997959684,5.16349997579161
2,513,12,1,19,1,37.8949996701412,61.2649997959684,5.16349997579161
2,513,13,1,50,2,37.8949996701412,61.2649997959684,5.16349997579161
2,513,14,1,5,1,37.8949996701412,61.2649997959684,5.16349997579161
2,513,15,1,34,1,37.8949996701412,61.2649997959684,5.16349997579161
2,513,16,1,97,3,37.8949996701412,61.2649997959684,5.16349997579161
2,513,17,1,88,3,37.8949996701412,61.2649997959684,5.16349997579161
2,513,18,1,24,1,37.8949996701412,61.2649997959684,5.16349997579161
2,513,19,1,58,2,37.8949996701412,61.2649997959684,5.16349997579161
2,513,20,1,86,3,37.8949996701412,61.2649997959684,5.16349997579161
2,513,21,1,1,1,37.8949996701412,61.2649997959684,5.16349997579161
2,513,22,1,22,1,37.8949996701412,61.2649997959684,5.16349997579161
2,513,23,1,22,1,37.8949996701412,61.2649997959684,5.16349997579161
2,513,24,1,34,2,37.8949996701412,61.2649997959684,5.16349997579161
2,513,25,1,62,3,37.8949996701412,61.2649997959684,5.16349997579161
2,513,26,1,80,3,37.8949996701412,61.2649997959684,5.16349997579161
2,513,27,1,67,3,37.8949996701412,61.2649997959684,5.16349997579161
2,513,28,1,33,1,37.8949996701412,61.2649997959684,5.16349997579161
2,513,29,1,34,1,37.8949996701412,61.2649997959684,5.16349997579161
2,513,30,1,24,1,37.8949996701412,61.2649997959684,5.16349997579161
2,514,1,1,9,1,43.71,85.1,4.74949997368144
2,514,2,1,12,1,43.71,85.1,4.74949997368144
2,514,3,1,70,2,43.71,85.1,4.74949997368144
2,514,4,1,17,1,43.71,85.1,4.74949997368144
2,514,5,1,88,3,43.71,85.1,4.74949997368144
2,514,6,1,40,2,43.71,85.1,4.74949997368144
2,514,7,1,13,1,43.71,85.1,4.74949997368144
2,514,8,1,78,3,43.71,85.1,4.74949997368144
2,514,9,1,57,2,43.71,85.1,4.74949997368144
2,514,10,1,96,3,43.71,85.1,4.74949997368144
2,514,11,1,21,1,43.71,85.1,4.74949997368144
2,514,12,1,33,1,43.71,85.1,4.74949997368144
2,514,13,1,72,2,43.71,85.1,4.74949997368144
2,514,14,1,12,1,43.71,85.1,4.74949997368144
2,514,15,1,81,2,43.71,85.1,4.74949997368144
2,514,16,1,38,1,43.71,85.1,4.74949997368144
2,514,17,1,34,1,43.71,85.1,4.74949997368144
2,514,18,1,63,2,43.71,85.1,4.74949997368144
2,514,19,1,39,1,43.71,85.1,4.74949997368144
2,514,20,1,72,2,43.71,85.1,4.74949997368144
2,514,21,1,23,1,43.71,85.1,4.74949997368144
2,514,22,1,30,1,43.71,85.1,4.74949997368144
2,514,23,1,4,1,43.71,85.1,4.74949997368144
2,514,24,1,89,2,43.71,85.1,4.74949997368144
2,514,25,1,35,1,43.71,85.1,4.74949997368144
2,514,26,1,77,2,43.71,85.1,4.74949997368144
2,514,27,1,41,1,43.71,85.1,4.74949997368144
2,514,28,1,66,2,43.71,85.1,4.74949997368144
2,514,29,1,14,1,43.71,85.1,4.74949997368144
2,514,30,1,51,2,43.71,85.1,4.74949997368144
2,515,1,1,86,3,19.7199974645029,60.0149997917187,6.64049983058504
2,515,2,1,43,2,19.7199974645029,60.0149997917187,6.64049983058504
2,515,3,1,96,3,19.7199974645029,60.0149997917187,6.64049983058504
2,515,4,1,88,2,19.7199974645029,60.0149997917187,6.64049983058504
2,515,5,1,92,3,19.7199974645029,60.0149997917187,6.64049983058504
2,515,6,1,86,3,19.7199974645029,60.0149997917187,6.64049983058504
2,515,7,1,38,2,19.7199974645029,60.0149997917187,6.64049983058504
2,515,8,1,15,1,19.7199974645029,60.0149997917187,6.64049983058504
2,515,9,1,89,3,19.7199974645029,60.0149997917187,6.64049983058504
2,515,10,1,90,3,19.7199974645029,60.0149997917187,6.64049983058504
2,515,11,1,35,2,19.7199974645029,60.0149997917187,6.64049983058504
2,515,12,1,30,2,19.7199974645029,60.0149997917187,6.64049983058504
2,515,13,1,93,3,19.7199974645029,60.0149997917187,6.64049983058504
2,515,14,1,35,2,19.7199974645029,60.0149997917187,6.64049983058504
2,515,15,1,41,2,19.7199974645029,60.0149997917187,6.64049983058504
2,515,16,1,22,2,19.7199974645029,60.0149997917187,6.64049983058504
2,515,17,1,60,3,19.7199974645029,60.0149997917187,6.64049983058504
2,515,18,1,16,1,19.7199974645029,60.0149997917187,6.64049983058504
2,515,19,1,65,3,19.7199974645029,60.0149997917187,6.64049983058504
2,515,20,1,39,2,19.7199974645029,60.0149997917187,6.64049983058504
2,515,21,1,57,3,19.7199974645029,60.0149997917187,6.64049983058504
2,515,22,1,67,3,19.7199974645029,60.0149997917187,6.64049983058504
2,515,23,1,10,1,19.7199974645029,60.0149997917187,6.64049983058504
2,515,24,1,42,2,19.7199974645029,60.0149997917187,6.64049983058504
2,515,25,1,79,3,19.7199974645029,60.0149997917187,6.64049983058504
2,515,26,1,85,3,19.7199974645029,60.0149997917187,6.64049983058504
2,515,27,1,4,1,19.7199974645029,60.0149997917187,6.64049983058504
2,515,28,1,33,2,19.7199974645029,60.0149997917187,6.64049983058504
2,515,29,1,50,2,19.7199974645029,60.0149997917187,6.64049983058504
2,515,30,1,22,2,19.7199974645029,60.0149997917187,6.64049983058504
2,516,1,1,65,3,47.6249997375328,71,3.57249912526231
2,516,2,1,38,1,47.6249997375328,71,3.57249912526231
2,516,3,1,31,1,47.6249997375328,71,3.57249912526231
2,516,4,1,3,1,47.6249997375328,71,3.57249912526231
2,516,5,1,76,3,47.6249997375328,71,3.57249912526231
2,516,6,1,80,3,47.6249997375328,71,3.57249912526231
2,516,7,1,92,3,47.6249997375328,71,3.57249912526231
2,516,8,1,70,2,47.6249997375328,71,3.57249912526231
2,516,9,1,83,3,47.6249997375328,71,3.57249912526231
2,516,10,1,45,1,47.6249997375328,71,3.57249912526231
2,516,11,1,36,1,47.6249997375328,71,3.57249912526231
2,516,12,1,71,2,47.6249997375328,71,3.57249912526231
2,516,13,1,48,1,47.6249997375328,71,3.57249912526231
2,516,14,1,82,3,47.6249997375328,71,3.57249912526231
2,516,15,1,78,3,47.6249997375328,71,3.57249912526231
2,516,16,1,1,1,47.6249997375328,71,3.57249912526231
2,516,17,1,11,1,47.6249997375328,71,3.57249912526231
2,516,18,1,38,1,47.6249997375328,71,3.57249912526231
2,516,19,1,97,3,47.6249997375328,71,3.57249912526231
2,516,20,1,7,1,47.6249997375328,71,3.57249912526231
2,516,21,1,63,2,47.6249997375328,71,3.57249912526231
2,516,22,1,83,3,47.6249997375328,71,3.57249912526231
2,516,23,1,58,2,47.6249997375328,71,3.57249912526231
2,516,24,1,47,2,47.6249997375328,71,3.57249912526231
2,516,25,1,18,1,47.6249997375328,71,3.57249912526231
2,516,26,1,14,1,47.6249997375328,71,3.57249912526231
2,516,27,1,66,2,47.6249997375328,71,3.57249912526231
2,516,28,1,81,3,47.6249997375328,71,3.57249912526231
2,516,29,1,63,2,47.6249997375328,71,3.57249912526231
2,516,30,1,95,3,47.6249997375328,71,3.57249912526231
2,517,1,1,65,3,30.7299934917012,61.7449997975545,10.99
2,517,2,1,10,1,30.7299934917012,61.7449997975545,10.99
2,517,3,1,54,3,30.7299934917012,61.7449997975545,10.99
2,517,4,1,24,1,30.7299934917012,61.7449997975545,10.99
2,517,5,1,20,2,30.7299934917012,61.7449997975545,10.99
2,517,6,1,81,3,30.7299934917012,61.7449997975545,10.99
2,517,7,1,6,1,30.7299934917012,61.7449997975545,10.99
2,517,8,1,95,3,30.7299934917012,61.7449997975545,10.99
2,517,9,1,49,1,30.7299934917012,61.7449997975545,10.99
2,517,10,1,86,3,30.7299934917012,61.7449997975545,10.99
2,517,11,1,79,2,30.7299934917012,61.7449997975545,10.99
2,517,12,1,8,1,30.7299934917012,61.7449997975545,10.99
2,517,13,1,26,1,30.7299934917012,61.7449997975545,10.99
2,517,14,1,60,2,30.7299934917012,61.7449997975545,10.99
2,517,15,1,38,1,30.7299934917012,61.7449997975545,10.99
2,517,16,1,96,3,30.7299934917012,61.7449997975545,10.99
2,517,17,1,4,1,30.7299934917012,61.7449997975545,10.99
2,517,18,1,45,2,30.7299934917012,61.7449997975545,10.99
2,517,19,1,51,3,30.7299934917012,61.7449997975545,10.99
2,517,20,1,23,1,30.7299934917012,61.7449997975545,10.99
2,517,21,1,45,3,30.7299934917012,61.7449997975545,10.99
2,517,22,1,80,3,30.7299934917012,61.7449997975545,10.99
2,517,23,1,11,1,30.7299934917012,61.7449997975545,10.99
2,517,24,1,55,2,30.7299934917012,61.7449997975545,10.99
2,517,25,1,76,3,30.7299934917012,61.7449997975545,10.99
2,517,26,1,37,2,30.7299934917012,61.7449997975545,10.99
2,517,27,1,47,2,30.7299934917012,61.7449997975545,10.99
2,517,28,1,87,3,30.7299934917012,61.7449997975545,10.99
2,517,29,1,36,2,30.7299934917012,61.7449997975545,10.99
2,517,30,1,23,2,30.7299934917012,61.7449997975545,10.99
2,518,1,1,59,2,32.02,82.8899945711182,49.2449936541777
2,518,2,1,64,2,32.02,82.8899945711182,49.2449936541777
2,518,3,1,92,1,32.02,82.8899945711182,49.2449936541777
2,518,4,1,77,3,32.02,82.8899945711182,49.2449936541777
2,518,5,1,50,3,32.02,82.8899945711182,49.2449936541777
2,518,6,1,8,3,32.02,82.8899945711182,49.2449936541777
2,518,7,1,84,1,32.02,82.8899945711182,49.2449936541777
2,518,8,1,24,3,32.02,82.8899945711182,49.2449936541777
2,518,9,1,40,2,32.02,82.8899945711182,49.2449936541777
2,518,10,1,78,2,32.02,82.8899945711182,49.2449936541777
2,518,11,1,80,1,32.02,82.8899945711182,49.2449936541777
2,518,12,1,49,3,32.02,82.8899945711182,49.2449936541777
2,518,13,1,58,1,32.02,82.8899945711182,49.2449936541777
2,518,14,1,17,1,32.02,82.8899945711182,49.2449936541777
2,518,15,1,85,1,32.02,82.8899945711182,49.2449936541777
2,518,16,1,71,2,32.02,82.8899945711182,49.2449936541777
2,518,17,1,76,1,32.02,82.8899945711182,49.2449936541777
2,518,18,1,12,1,32.02,82.8899945711182,49.2449936541777
2,518,19,1,44,1,32.02,82.8899945711182,49.2449936541777
2,518,20,1,48,1,32.02,82.8899945711182,49.2449936541777
2,518,21,1,48,2,32.02,82.8899945711182,49.2449936541777
2,518,22,1,62,2,32.02,82.8899945711182,49.2449936541777
2,518,23,1,67,3,32.02,82.8899945711182,49.2449936541777
2,518,24,1,1,3,32.02,82.8899945711182,49.2449936541777
2,518,25,1,11,2,32.02,82.8899945711182,49.2449936541777
2,518,26,1,11,2,32.02,82.8899945711182,49.2449936541777
2,518,27,1,22,1,32.02,82.8899945711182,49.2449936541777
2,518,28,1,29,3,32.02,82.8899945711182,49.2449936541777
2,518,29,1,1,3,32.02,82.8899945711182,49.2449936541777
2,518,30,1,98,1,32.02,82.8899945711182,49.2449936541777
2,519,1,1,71,2,29.17,92.0899994570528,13.95
2,519,2,1,83,2,29.17,92.0899994570528,13.95
2,519,3,1,47,1,29.17,92.0899994570528,13.95
2,519,4,1,35,1,29.17,92.0899994570528,13.95
2,519,5,1,51,3,29.17,92.0899994570528,13.95
2,519,6,1,39,1,29.17,92.0899994570528,13.95
2,519,7,1,45,1,29.17,92.0899994570528,13.95
2,519,8,1,21,2,29.17,92.0899994570528,13.95
2,519,9,1,18,1,29.17,92.0899994570528,13.95
2,519,10,1,17,2,29.17,92.0899994570528,13.95
2,519,11,1,50,2,29.17,92.0899994570528,13.95
2,519,12,1,64,2,29.17,92.0899994570528,13.95
2,519,13,1,56,2,29.17,92.0899994570528,13.95
2,519,14,1,61,2,29.17,92.0899994570528,13.95
2,519,15,1,85,3,29.17,92.0899994570528,13.95
2,519,16,1,55,2,29.17,92.0899994570528,13.95
2,519,17,1,48,2,29.17,92.0899994570528,13.95
2,519,18,1,73,2,29.17,92.0899994570528,13.95
2,519,19,1,59,2,29.17,92.0899994570528,13.95
2,519,20,1,36,2,29.17,92.0899994570528,13.95
2,519,21,1,30,1,29.17,92.0899994570528,13.95
2,519,22,1,60,2,29.17,92.0899994570528,13.95
2,519,23,1,17,1,29.17,92.0899994570528,13.95
2,519,24,1,91,2,29.17,92.0899994570528,13.95
2,519,25,1,57,2,29.17,92.0899994570528,13.95
2,519,26,1,25,2,29.17,92.0899994570528,13.95
2,519,27,1,80,2,29.17,92.0899994570528,13.95
2,519,28,1,10,1,29.17,92.0899994570528,13.95
2,519,29,1,62,2,29.17,92.0899994570528,13.95
2,519,30,1,9,2,29.17,92.0899994570528,13.95
2,520,1,1,59,2,36.3649996562629,83.049999397953,7.12099971914056
2,520,2,1,71,2,36.3649996562629,83.049999397953,7.12099971914056
2,520,3,1,66,2,36.3649996562629,83.049999397953,7.12099971914056
2,520,4,1,2,1,36.3649996562629,83.049999397953,7.12099971914056
2,520,5,1,90,2,36.3649996562629,83.049999397953,7.12099971914056
2,520,6,1,61,2,36.3649996562629,83.049999397953,7.12099971914056
2,520,7,1,68,2,36.3649996562629,83.049999397953,7.12099971914056
2,520,8,1,37,1,36.3649996562629,83.049999397953,7.12099971914056
2,520,9,1,2,1,36.3649996562629,83.049999397953,7.12099971914056
2,520,10,1,39,1,36.3649996562629,83.049999397953,7.12099971914056
2,520,11,1,89,2,36.3649996562629,83.049999397953,7.12099971914056
2,520,12,1,27,1,36.3649996562629,83.049999397953,7.12099971914056
2,520,13,1,73,2,36.3649996562629,83.049999397953,7.12099971914056
2,520,14,1,10,1,36.3649996562629,83.049999397953,7.12099971914056
2,520,15,1,70,2,36.3649996562629,83.049999397953,7.12099971914056
2,520,16,1,44,2,36.3649996562629,83.049999397953,7.12099971914056
2,520,17,1,65,2,36.3649996562629,83.049999397953,7.12099971914056
2,520,18,1,89,3,36.3649996562629,83.049999397953,7.12099971914056
2,520,19,1,23,1,36.3649996562629,83.049999397953,7.12099971914056
2,520,20,1,74,3,36.3649996562629,83.049999397953,7.12099971914056
2,520,21,1,76,3,36.3649996562629,83.049999397953,7.12099971914056
2,520,22,1,96,3,36.3649996562629,83.049999397953,7.12099971914056
2,520,23,1,37,2,36.3649996562629,83.049999397953,7.12099971914056
2,520,24,1,89,3,36.3649996562629,83.049999397953,7.12099971914056
2,520,25,1,10,1,36.3649996562629,83.049999397953,7.12099971914056
2,520,26,1,3,1,36.3649996562629,83.049999397953,7.12099971914056
2,520,27,1,66,2,36.3649996562629,83.049999397953,7.12099971914056
2,520,28,1,17,1,36.3649996562629,83.049999397953,7.12099971914056
2,520,29,1,8,1,36.3649996562629,83.049999397953,7.12099971914056
2,520,30,1,35,2,36.3649996562629,83.049999397953,7.12099971914056
2,521,1,1,57,2,16.8299970291144,92.8549998653815,2.94049995749022
2,521,2,1,24,2,16.8299970291144,92.8549998653815,2.94049995749022
2,521,3,1,26,2,16.8299970291144,92.8549998653815,2.94049995749022
2,521,4,1,97,3,16.8299970291144,92.8549998653815,2.94049995749022
2,521,5,1,89,2,16.8299970291144,92.8549998653815,2.94049995749022
2,521,6,1,32,2,16.8299970291144,92.8549998653815,2.94049995749022
2,521,7,1,2,1,16.8299970291144,92.8549998653815,2.94049995749022
2,521,8,1,78,2,16.8299970291144,92.8549998653815,2.94049995749022
2,521,9,1,76,2,16.8299970291144,92.8549998653815,2.94049995749022
2,521,10,1,44,2,16.8299970291144,92.8549998653815,2.94049995749022
2,521,11,1,90,3,16.8299970291144,92.8549998653815,2.94049995749022
2,521,12,1,26,2,16.8299970291144,92.8549998653815,2.94049995749022
2,521,13,1,76,2,16.8299970291144,92.8549998653815,2.94049995749022
2,521,14,1,5,1,16.8299970291144,92.8549998653815,2.94049995749022
2,521,15,1,38,2,16.8299970291144,92.8549998653815,2.94049995749022
2,521,16,1,68,2,16.8299970291144,92.8549998653815,2.94049995749022
2,521,17,1,59,2,16.8299970291144,92.8549998653815,2.94049995749022
2,521,18,1,92,2,16.8299970291144,92.8549998653815,2.94049995749022
2,521,19,1,31,2,16.8299970291144,92.8549998653815,2.94049995749022
2,521,20,1,56,2,16.8299970291144,92.8549998653815,2.94049995749022
2,521,21,1,61,2,16.8299970291144,92.8549998653815,2.94049995749022
2,521,22,1,38,2,16.8299970291144,92.8549998653815,2.94049995749022
2,521,23,1,32,2,16.8299970291144,92.8549998653815,2.94049995749022
2,521,24,1,21,2,16.8299970291144,92.8549998653815,2.94049995749022
2,521,25,1,1,1,16.8299970291144,92.8549998653815,2.94049995749022
2,521,26,1,40,2,16.8299970291144,92.8549998653815,2.94049995749022
2,521,27,1,79,2,16.8299970291144,92.8549998653815,2.94049995749022
2,521,28,1,92,2,16.8299970291144,92.8549998653815,2.94049995749022
2,521,29,1,83,2,16.8299970291144,92.8549998653815,2.94049995749022
2,521,30,1,7,1,16.8299970291144,92.8549998653815,2.94049995749022
