"","earn","height1","height2","sex","race","hisp","ed","yearbn","height","age","age_category","eth","male"
"3",50000,6,2,1,1,2,16,45,74,45,2,3,1
"4",60000,5,6,2,1,2,16,32,66,58,3,3,0
"5",30000,5,4,2,1,2,16,61,64,29,1,3,0
"9",51000,5,3,2,1,2,17,51,63,39,2,3,0
"10",9000,5,4,2,1,2,15,64,64,26,1,3,0
"11",29000,5,2,2,1,2,12,41,62,49,2,3,0
"12",32000,6,1,1,1,2,17,44,73,46,2,3,1
"13",2000,6,0,1,1,1,15,69,72,21,1,2,1
"15",27000,6,0,1,1,2,12,64,72,26,1,3,1
"16",6530,5,10,1,1,2,16,25,70,65,3,3,1
"17",0,5,3,2,1,2,14,40,63,50,3,3,0
"18",30000,5,8,1,1,2,11,56,68,34,1,3,1
"19",12000,5,8,1,1,2,12,63,68,27,1,3,1
"21",12000,5,5,2,1,2,12,39,65,51,3,3,0
"23",0,5,0,2,1,2,12,63,60,27,1,3,0
"26",22000,5,6,2,1,2,16,55,66,35,2,3,0
"29",17000,5,8,1,1,2,12,32,68,58,3,3,1
"30",40000,5,8,2,1,2,14,61,68,29,1,3,0
"31",44000,5,10,1,1,2,13,46,70,44,2,3,1
"32",0,5,7,2,1,2,9,69,67,21,1,3,0
"33",7000,5,4,2,2,2,12,35,64,55,3,1,0
"34",53000,6,1,1,2,2,13,55,73,35,2,1,1
"36",5000,5,2,2,1,2,13,39,62,51,3,3,0
"38",14000,5,3,2,1,2,14,69,63,21,1,3,0
"40",5500,5,7,1,1,2,14,68,67,22,1,3,1
"41",40000,5,6,2,1,2,12,49,66,41,2,3,0
"42",34000,6,0,1,1,2,12,45,72,45,2,3,1
"45",10000,5,3,2,2,2,12,55,63,35,2,1,0
"46",0,5,8,1,1,2,11,69,68,21,1,3,1
"47",27000,5,4,2,1,2,16,30,64,60,3,3,0
"50",0,5,0,2,1,2,12,46,60,44,2,3,0
"51",50000,6,0,1,1,2,16,52,72,38,2,3,1
"52",0,5,8,2,1,2,12,35,68,55,3,3,0
"53",41000,6,5,1,1,2,16,57,77,33,1,3,1
"54",0,5,4,2,1,2,10,71,64,19,1,3,0
"55",15000,5,4,2,1,2,14,65,64,25,1,3,0
"56",25000,5,4,2,1,2,12,57,64,33,1,3,0
"58",75000,6,0,1,1,2,17,51,72,39,2,3,1
"60",27000,5,8,1,1,2,17,59,68,31,1,3,1
"61",12000,5,4,2,1,2,12,64,64,26,1,3,0
"63",7500,5,1,2,1,2,14,12,61,78,3,3,0
"67",30000,5,7,2,2,2,14,59,67,31,1,1,0
"68",21000,5,5,2,1,2,12,33,65,57,3,3,0
"69",27000,5,4,2,1,2,14,64,64,26,1,3,0
"71",3000,5,7,2,1,2,15,25,67,65,3,3,0
"72",25000,5,5,2,1,2,12,60,65,30,1,3,0
"73",24000,5,5,2,1,2,12,49,65,41,2,3,0
"74",32000,5,7,2,1,2,18,61,67,29,1,3,0
"77",10000,5,8,2,1,2,17,60,68,30,1,3,0
"78",0,5,10,2,1,2,12,33,70,57,3,3,0
"79",11000,5,0,2,1,1,12,69,60,21,1,2,0
"80",18700,5,5,2,1,2,13,58,65,32,1,3,0
"81",20000,5,2,2,1,2,12,61,62,29,1,3,0
"82",3500,6,0,1,1,2,10,72,72,18,1,3,1
"84",13000,5,7,1,2,2,8,34,67,56,3,1,1
"86",25000,5,10,1,1,2,12,25,70,65,3,3,1
"87",21000,5,10,1,1,2,17,49,70,41,2,3,1
"88",34000,5,8,2,1,2,17,41,68,49,2,3,0
"91",6000,5,0,2,1,2,12,25,60,65,3,3,0
"92",17000,5,11,1,1,2,12,62,71,28,1,3,1
"94",35000,5,11,1,1,2,12,58,71,32,1,3,1
"95",4000,6,1,1,1,2,13,72,73,18,1,3,1
"97",14000,5,8,2,1,2,14,35,68,55,3,3,0
"98",10000,5,6,2,1,2,12,33,66,57,3,3,0
"100",25000,5,9,1,1,2,16,61,69,29,1,3,1
"101",0,5,3,2,1,2,8,27,63,63,3,3,0
"104",16000,5,3,2,1,2,14,63,63,27,1,3,0
"105",0,5,6,2,2,2,13,60,66,30,1,1,0
"107",0,5,4,2,1,2,12,64,64,26,1,3,0
"108",16000,5,2,1,1,1,14,62,62,28,1,2,1
"110",16500,5,4,2,1,2,14,47,64,43,2,3,0
"112",4000,5,4,2,1,2,9,22,64,68,3,3,0
"113",3840,5,7,2,1,2,9,38,67,52,3,3,0
"115",22000,5,11,1,1,2,12,51,71,39,2,3,1
"116",200,5,0,2,1,2,16,37,60,53,3,3,0
"117",26000,5,6,2,1,2,16,63,66,27,1,3,0
"118",2500,5,6,2,1,2,15,69,66,21,1,3,0
"119",17000,5,5,2,1,2,14,51,65,39,2,3,0
"121",8000,5,10,2,1,2,13,68,70,22,1,3,0
"123",0,5,5,2,1,2,13,27,65,63,3,3,0
"124",12000,5,6,2,1,2,13,22,66,68,3,3,0
"125",10000,5,2,2,1,2,12,43,62,47,2,3,0
"128",10000,5,6,2,1,2,15,23,66,67,3,3,0
"129",0,5,4,2,1,2,14,52,64,38,2,3,0
"130",15000,6,0,1,1,2,12,51,72,39,2,3,1
"136",2400,5,7,2,1,1,8,51,67,39,2,2,0
"137",30000,5,8,1,1,1,12,58,68,32,1,2,1
"138",30000,5,10,1,1,2,12,57,70,33,1,3,1
"139",10000,5,2,2,1,2,12,52,62,38,2,3,0
"141",5000,5,3,2,1,2,13,64,63,26,1,3,0
"142",12000,5,6,2,1,2,13,27,66,63,3,3,0
"143",20000,5,10,2,1,2,10,29,70,61,3,3,0
"144",20000,5,8,2,1,2,12,54,68,36,2,3,0
"145",20000,5,10,1,1,2,14,67,70,23,1,3,1
"148",0,5,6,2,1,2,12,31,66,59,3,3,0
"150",1200,5,6,2,1,2,12,70,66,20,1,3,0
"152",700,5,8,2,1,2,16,58,68,32,1,3,0
"153",20000,5,10,1,1,2,16,63,70,27,1,3,1
"154",10000,5,1,2,1,1,12,68,61,22,1,2,0
"155",30000,5,3,2,1,2,12,17,63,73,3,3,0
"157",40000,5,4,2,1,2,14,34,64,56,3,3,0
"161",10000,5,1,2,1,2,17,11,61,79,3,3,0
"162",60000,5,9,2,1,2,18,27,69,63,3,3,0
"164",0,5,4,2,1,2,12,69,64,21,1,3,0
"165",18000,5,8,2,1,2,12,24,68,66,3,3,0
"168",16040,5,4,2,1,2,12,57,64,33,1,3,0
"169",15000,5,7,2,2,2,14,60,67,30,1,1,0
"170",10000,5,9,1,1,2,17,67,69,23,1,3,1
"171",33000,5,7,2,1,2,13,47,67,43,2,3,0
"172",18000,5,8,2,1,2,12,60,68,30,1,3,0
"173",15000,5,3,2,1,2,12,53,63,37,2,3,0
"174",21000,5,11,1,1,2,12,68,71,22,1,3,1
"175",21000,5,4,2,2,2,17,47,64,43,2,1,0
"176",37000,5,8,1,1,2,11,53,68,37,2,3,1
"177",38000,5,8,2,1,2,17,46,68,44,2,3,0
"178",17000,5,6,2,1,1,14,47,66,43,2,2,0
"179",0,5,6,2,1,2,12,61,66,29,1,3,0
"180",0,5,6,2,3,2,16,58,66,32,1,4,0
"182",32000,6,5,1,1,2,16,60,77,30,1,3,1
"184",27500,5,7,2,1,2,12,32,67,58,3,3,0
"186",16500,5,2,2,1,2,12,46,62,44,2,3,0
"188",0,5,4,2,1,2,17,60,64,30,1,3,0
"189",0,6,0,2,1,2,12,39,72,51,3,3,0
"190",25000,5,7,2,1,2,18,55,67,35,2,3,0
"191",27000,5,1,2,1,2,18,47,61,43,2,3,0
"192",5000,5,4,2,1,2,12,62,64,28,1,3,0
"194",70000,5,2,2,1,2,16,52,62,38,2,3,0
"195",5000,5,3,2,1,2,12,50,63,40,2,3,0
"196",5000,5,8,1,1,2,16,66,68,24,1,3,1
"199",20000,5,4,2,1,2,15,64,64,26,1,3,0
"200",4000,6,0,1,1,2,15,69,72,21,1,3,1
"202",60000,5,4,2,1,2,16,55,64,35,2,3,0
"203",5000,5,1,2,1,2,13,59,61,31,1,3,0
"204",30000,6,2,1,1,2,12,52,74,38,2,3,1
"205",70000,5,10,1,1,2,14,55,70,35,2,3,1
"207",50000,5,11,1,1,2,16,49,71,41,2,3,1
"208",44000,5,3,2,1,2,12,51,63,39,2,3,0
"212",30000,5,4,2,1,2,14,47,64,43,2,3,0
"216",0,5,2,2,1,2,16,58,62,32,1,3,0
"217",10000,5,2,2,1,2,16,50,62,40,2,3,0
"218",23000,5,10,2,1,2,17,48,70,42,2,3,0
"219",0,5,2,2,1,2,12,51,62,39,2,3,0
"220",45000,5,11,1,1,2,17,28,71,62,3,3,1
"221",15000,5,11,1,1,2,14,59,71,31,1,3,1
"223",4000,5,10,2,1,2,14,19,70,71,3,3,0
"224",17000,5,7,1,1,2,14,59,67,31,1,3,1
"225",30000,5,4,2,1,2,12,58,64,32,1,3,0
"226",27500,5,7,2,1,2,12,60,67,30,1,3,0
"227",5688,5,2,2,1,2,8,21,62,69,3,3,0
"228",18000,5,2,2,1,1,13,34,62,56,3,2,0
"232",43000,5,8,1,2,2,13,46,68,44,2,1,1
"233",32000,5,2,2,2,2,14,46,62,44,2,1,0
"235",0,5,6,2,2,2,5,39,66,51,3,1,0
"236",10000,5,8,2,2,2,18,34,68,56,3,1,0
"240",60000,6,2,1,1,2,13,45,74,45,2,3,1
"244",21000,5,8,2,4,2,12,40,68,50,3,4,0
"245",2400,5,2,2,1,2,16,68,62,22,1,3,0
"248",1000,5,6,2,1,2,15,62,66,28,1,3,0
"249",27000,5,8,1,1,2,12,63,68,27,1,3,1
"250",6600,5,0,2,1,1,14,62,60,28,1,2,0
"252",16000,5,8,1,1,2,8,47,68,43,2,3,1
"253",90000,6,0,1,1,2,12,64,72,26,1,3,1
"254",8000,5,6,2,1,2,12,48,66,42,2,3,0
"255",20000,5,8,1,1,2,10,58,68,32,1,3,1
"256",15000,5,8,2,1,2,12,72,68,18,1,3,0
"257",12000,5,9,2,1,2,12,30,69,60,3,3,0
"259",24000,5,4,2,1,2,16,44,64,46,2,3,0
"260",20000,5,5,2,1,2,14,51,65,39,2,3,0
"262",19000,5,1,2,1,2,12,44,61,46,2,3,0
"264",10000,6,0,1,1,2,12,41,72,49,2,3,1
"265",40000,5,6,2,1,2,16,56,66,34,1,3,0
"270",0,5,2,2,1,2,10,33,62,57,3,3,0
"271",0,5,0,2,1,1,10,42,60,48,2,2,0
"273",25000,5,8,1,1,2,14,26,68,64,3,3,1
"274",25000,5,10,1,1,2,12,66,70,24,1,3,1
"275",25000,5,11,1,1,2,14,58,71,32,1,3,1
"276",19000,5,11,1,1,2,16,29,71,61,3,3,1
"277",44000,5,8,1,1,2,16,42,68,48,2,3,1
"278",0,5,6,2,1,2,12,71,66,19,1,3,0
"279",0,5,3,2,1,2,18,35,63,55,3,3,0
"280",15000,5,0,2,1,2,14,41,60,49,2,3,0
"281",17000,5,3,2,1,2,12,54,63,36,2,3,0
"282",24000,5,8,1,1,2,12,34,68,56,3,3,1
"284",23000,5,4,2,1,2,12,53,64,37,2,3,0
"285",13000,5,10,1,1,2,12,16,70,74,3,3,1
"288",65000,5,8,1,1,2,16,44,68,46,2,3,1
"289",7000,5,1,2,1,2,12,27,61,63,3,3,0
"291",40000,5,8,1,1,2,18,27,68,63,3,3,1
"292",15000,5,6,2,1,2,17,47,66,43,2,3,0
"293",20000,5,10,1,1,2,16,65,70,25,1,3,1
"296",20000,5,11,1,1,2,12,40,71,50,3,3,1
"298",20000,5,5,2,1,2,12,48,65,42,2,3,0
"299",25000,5,6,2,1,2,12,41,66,49,2,3,0
"301",49000,5,10,1,1,2,13,53,70,37,2,3,1
"303",0,5,4,2,1,2,12,54,64,36,2,3,0
"305",0,5,3,2,1,2,16,55,63,35,2,3,0
"306",25000,5,2,2,1,2,12,25,62,65,3,3,0
"311",11000,5,6,2,1,2,14,33,66,57,3,3,0
"312",16000,5,1,2,1,2,15,52,61,38,2,3,0
"313",35000,6,0,1,1,2,14,47,72,43,2,3,1
"314",125000,6,2,1,1,2,18,45,74,45,2,3,1
"315",23000,5,7,2,1,2,12,43,67,47,2,3,0
"316",17000,5,6,2,1,2,16,62,66,28,1,3,0
"317",0,5,2,2,1,2,13,59,62,31,1,3,0
"318",27000,5,2,2,1,2,12,49,62,41,2,3,0
"319",70000,6,0,1,1,2,14,58,72,32,1,3,1
"320",35000,5,5,2,1,2,15,43,65,47,2,3,0
"321",10000,5,0,2,1,2,12,28,60,62,3,3,0
"323",35000,5,2,2,1,2,15,51,62,39,2,3,0
"324",15000,5,6,2,1,2,12,52,66,38,2,3,0
"325",12000,5,4,2,1,2,12,51,64,39,2,3,0
"326",8000,5,11,1,1,2,12,22,71,68,3,3,1
"327",8000,5,5,2,1,2,12,40,65,50,3,3,0
"328",35000,6,1,1,1,2,18,40,73,50,3,3,1
"329",45000,5,9,1,1,2,11,39,69,51,3,3,1
"331",0,5,4,2,1,2,12,32,64,58,3,3,0
"334",15000,5,4,2,1,2,14,68,64,22,1,3,0
"335",15000,5,1,2,1,2,12,13,61,77,3,3,0
"337",24000,5,7,2,1,2,18,39,67,51,3,3,0
"338",25000,5,2,2,1,2,13,58,62,32,1,3,0
"340",25000,5,3,2,2,2,14,36,63,54,3,1,0
"341",20000,5,7,1,3,2,10,62,67,28,1,4,1
"342",24000,5,8,2,1,2,12,66,68,24,1,3,0
"343",44000,6,0,1,1,2,16,44,72,46,2,3,1
"344",69000,5,10,1,1,2,12,52,70,38,2,3,1
"345",62000,5,10,1,1,2,18,46,70,44,2,3,1
"347",32000,5,7,1,2,2,14,58,67,32,1,1,1
"348",20000,5,3,2,2,2,12,57,63,33,1,1,0
"349",32000,5,6,2,3,2,18,55,66,35,2,4,0
"350",25000,5,6,2,1,2,17,40,66,50,3,3,0
"351",170000,5,11,1,1,2,18,45,71,45,2,3,1
"353",0,5,6,2,2,2,11,61,66,29,1,1,0
"354",35000,5,7,1,1,2,16,57,67,33,1,3,1
"355",40000,6,4,1,2,2,16,52,76,38,2,1,1
"356",33000,5,9,1,1,2,14,60,69,30,1,3,1
"357",18000,5,5,2,1,2,12,68,65,22,1,3,0
"360",30000,5,2,2,1,2,13,47,62,43,2,3,0
"361",26000,5,2,2,1,2,12,59,62,31,1,3,0
"362",5000,5,2,2,1,2,12,69,62,21,1,3,0
"364",20000,5,2,2,1,2,16,17,62,73,3,3,0
"367",17000,5,1,2,1,2,12,60,61,30,1,3,0
"368",32000,5,5,2,1,2,14,62,65,28,1,3,0
"369",15000,6,0,1,1,2,14,68,72,22,1,3,1
"370",0,5,6,2,1,2,17,49,66,41,2,3,0
"371",50000,6,0,1,1,2,14,35,72,55,3,3,1
"372",8000,5,4,2,1,2,12,51,64,39,2,3,0
"373",40000,5,11,1,1,2,14,39,71,51,3,3,1
"374",40000,6,0,1,1,2,15,49,72,41,2,3,1
"375",32750,5,6,1,1,2,12,56,66,34,1,3,1
"377",20000,5,5,2,1,2,14,21,65,69,3,3,0
"378",36000,5,5,2,2,2,15,51,65,39,2,1,0
"379",6000,5,2,2,1,2,12,26,62,64,3,3,0
"380",12000,5,6,2,2,1,14,56,66,34,1,1,0
"382",60000,5,7,1,1,2,14,27,67,63,3,3,1
"383",40000,5,4,2,1,2,13,46,64,44,2,3,0
"385",43000,5,3,2,1,2,12,52,63,38,2,3,0
"386",45000,5,7,2,1,2,16,56,67,34,1,3,0
"387",6000,5,8,2,1,2,18,51,68,39,2,3,0
"388",8000,5,4,2,4,2,10,8,64,82,3,4,0
"389",20000,5,4,2,2,2,13,51,64,39,2,1,0
"391",17000,5,6,1,2,2,12,67,66,23,1,1,1
"392",2000,5,5,2,1,2,12,58,65,32,1,3,0
"393",65000,5,5,1,1,2,12,62,65,28,1,3,1
"394",50000,6,0,1,1,2,12,49,72,41,2,3,1
"395",0,5,8,2,1,2,11,36,68,54,3,3,0
"396",0,5,3,2,1,2,11,61,63,29,1,3,0
"398",11000,5,8,2,1,2,12,52,68,38,2,3,0
"399",35000,6,2,1,1,2,18,60,74,30,1,3,1
"400",27000,5,3,1,1,2,12,57,63,33,1,3,1
"401",3500,5,4,2,1,2,12,29,64,61,3,3,0
"403",42000,5,8,1,1,2,12,53,68,37,2,3,1
"405",20000,5,7,2,1,2,18,61,67,29,1,3,0
"406",15000,5,7,2,1,2,12,61,67,29,1,3,0
"407",10000,6,1,1,1,2,12,69,73,21,1,3,1
"408",0,5,2,2,1,2,12,42,62,48,2,3,0
"409",6000,5,10,1,1,2,8,12,70,78,3,3,1
"412",17000,5,5,2,1,1,16,67,65,23,1,2,0
"414",35000,5,9,1,1,1,16,25,69,65,3,2,1
"415",28000,6,5,1,1,2,14,62,77,28,1,3,1
"416",15000,5,8,2,1,2,12,57,68,33,1,3,0
"417",20000,5,2,2,1,2,17,66,62,24,1,3,0
"418",20000,5,4,2,1,2,12,61,64,29,1,3,0
"420",10500,5,7,1,3,1,12,48,67,42,2,2,1
"421",13000,5,10,1,1,2,16,68,70,22,1,3,1
"422",10000,5,2,2,1,2,12,38,62,52,3,3,0
"423",3000,5,3,2,1,2,12,53,63,37,2,3,0
"424",24000,5,2,2,1,2,14,61,62,29,1,3,0
"425",0,5,3,2,1,2,17,49,63,41,2,3,0
"426",17000,5,9,2,1,2,13,55,69,35,2,3,0
"427",11000,5,4,2,1,2,12,42,64,48,2,3,0
"428",0,5,4,2,1,2,14,53,64,37,2,3,0
"429",32000,5,9,2,1,2,14,50,69,40,2,3,0
"430",17000,4,11,2,1,2,15,64,59,26,1,3,0
"435",3000,5,6,2,4,2,12,55,66,35,2,4,0
"437",0,5,5,2,1,2,12,49,65,41,2,3,0
"440",2100,5,2,2,2,2,12,69,62,21,1,1,0
"447",3192,6,3,1,2,2,11,56,75,34,1,1,1
"449",17000,5,3,2,1,2,17,64,63,26,1,3,0
"450",30000,5,5,2,1,2,13,62,65,28,1,3,0
"451",15000,5,10,1,1,2,12,58,70,32,1,3,1
"454",24000,5,8,2,1,2,16,48,68,42,2,3,0
"455",10000,5,5,2,1,2,14,23,65,67,3,3,0
"456",50000,5,9,1,1,2,8,37,69,53,3,3,1
"458",50000,6,0,1,1,2,16,37,72,53,3,3,1
"460",20000,5,4,2,1,2,17,41,64,49,2,3,0
"461",30000,5,3,2,1,1,18,36,63,54,3,2,0
"464",0,5,4,2,1,2,12,27,64,63,3,3,0
"465",0,5,6,2,1,2,10,42,66,48,2,3,0
"467",0,5,3,2,1,2,5,32,63,58,3,3,0
"468",22000,6,1,2,1,2,14,45,73,45,2,3,0
"470",27000,6,3,1,1,2,12,66,75,24,1,3,1
"471",4000,5,5,2,1,2,12,52,65,38,2,3,0
"473",17500,5,6,2,1,2,17,64,66,26,1,3,0
"474",16500,5,6,2,1,2,14,62,66,28,1,3,0
"476",28000,5,4,2,1,2,16,51,64,39,2,3,0
"477",52000,5,6,2,1,2,18,40,66,50,3,3,0
"478",15000,5,4,2,1,2,16,61,64,29,1,3,0
"479",19000,5,3,2,1,2,13,58,63,32,1,3,0
"480",0,5,3,2,1,2,13,46,63,44,2,3,0
"483",27000,6,1,1,1,2,12,67,73,23,1,3,1
"484",15000,6,0,1,1,2,8,32,72,58,3,3,1
"486",0,5,6,2,1,2,12,66,66,24,1,3,0
"487",15000,6,0,1,1,2,14,57,72,33,1,3,1
"488",14500,5,4,2,1,2,12,35,64,55,3,3,0
"491",24000,5,4,2,1,2,13,60,64,30,1,3,0
"495",18000,5,8,1,1,2,15,54,68,36,2,3,1
"496",4000,5,2,2,1,2,12,22,62,68,3,3,0
"498",4000,5,9,2,1,2,13,33,69,57,3,3,0
"500",700,5,0,2,1,2,12,54,60,36,2,3,0
"504",27000,6,4,1,1,2,12,51,76,39,2,3,1
"505",12000,6,0,2,1,2,12,55,72,35,2,3,0
"506",22000,5,2,2,1,2,18,43,62,47,2,3,0
"507",30000,5,2,2,1,2,13,54,62,36,2,3,0
"509",35000,5,11,1,1,2,12,29,71,61,3,3,1
"510",20000,6,2,1,1,2,12,48,74,42,2,3,1
"511",32000,5,5,2,1,2,16,58,65,32,1,3,0
"512",6000,5,3,2,4,2,12,59,63,31,1,4,0
"513",12000,5,7,2,1,2,12,51,67,39,2,3,0
"514",0,5,5,2,1,2,16,46,65,44,2,3,0
"515",10000,5,3,2,1,2,12,59,63,31,1,3,0
"516",1000,5,5,2,1,2,12,72,65,18,1,3,0
"517",12000,5,4,2,1,2,15,19,64,71,3,3,0
"518",16000,5,5,2,1,2,12,54,65,36,2,3,0
"520",0,5,8,2,1,2,16,49,68,41,2,3,0
"521",25000,5,3,2,1,2,16,57,63,33,1,3,0
"522",25000,5,10,2,1,2,12,63,70,27,1,3,0
"523",32000,5,8,1,1,2,12,60,68,30,1,3,1
"525",35000,5,7,1,1,2,14,47,67,43,2,3,1
"528",6000,5,5,2,1,2,12,62,65,28,1,3,0
"529",80000,5,9,1,1,2,14,46,69,44,2,3,1
"530",20000,5,8,2,1,2,14,65,68,25,1,3,0
"531",1000,5,6,2,1,2,17,52,66,38,2,3,0
"532",28000,5,11,1,1,1,13,52,71,38,2,2,1
"533",26000,5,4,1,1,1,16,67,64,23,1,2,1
"534",27000,6,2,1,1,2,12,66,74,24,1,3,1
"535",18000,5,2,2,1,2,13,49,62,41,2,3,0
"536",2000,5,5,2,1,2,12,31,65,59,3,3,0
"537",20000,5,9,1,1,2,12,24,69,66,3,3,1
"541",6000,5,6,2,1,2,16,42,66,48,2,3,0
"544",0,5,0,2,1,2,10,22,60,68,3,3,0
"549",25000,5,7,1,1,2,11,27,67,63,3,3,1
"550",12000,6,1,1,1,2,12,61,73,29,1,3,1
"551",0,5,5,2,1,2,18,64,65,26,1,3,0
"553",12000,6,4,1,1,2,12,33,76,57,3,3,1
"554",30000,5,10,1,1,2,14,14,70,76,3,3,1
"555",0,5,4,2,1,2,12,60,64,30,1,3,0
"556",4000,5,3,2,2,2,15,68,63,22,1,1,0
"558",26000,5,3,2,2,2,13,53,63,37,2,1,0
"563",23000,5,10,1,2,2,12,55,70,35,2,1,1
"564",21000,5,11,1,1,2,12,57,71,33,1,3,1
"565",25000,5,5,2,1,2,12,28,65,62,3,3,0
"566",18000,5,10,1,1,2,16,15,70,75,3,3,1
"567",4000,5,3,2,1,2,13,46,63,44,2,3,0
"568",23900,5,4,2,1,2,12,68,64,22,1,3,0
"570",35000,5,4,2,1,2,18,50,64,40,2,3,0
"571",26000,5,7,1,1,2,14,60,67,30,1,3,1
"572",25000,5,6,1,1,2,16,54,66,36,2,3,1
"573",23500,5,8,2,1,2,13,63,68,27,1,3,0
"574",12000,5,5,2,1,2,12,68,65,22,1,3,0
"575",15000,5,7,2,1,2,12,70,67,20,1,3,0
"577",3000,6,1,1,1,2,17,67,73,23,1,3,1
"580",6000,5,4,2,1,2,12,23,64,67,3,3,0
"581",14000,5,11,1,1,2,12,21,71,69,3,3,1
"582",15000,5,3,2,1,2,16,59,63,31,1,3,0
"583",175000,5,11,1,1,2,16,42,71,48,2,3,1
"584",0,5,3,2,1,2,12,39,63,51,3,3,0
"586",1000,6,1,1,1,2,18,65,73,25,1,3,1
"587",10000,5,5,2,1,2,14,27,65,63,3,3,0
"588",45000,5,6,1,1,2,13,8,66,82,3,3,1
"589",15000,5,6,2,1,2,12,9,66,81,3,3,0
"592",20000,4,11,2,1,2,13,49,59,41,2,3,0
"595",35000,5,10,1,1,2,16,60,70,30,1,3,1
"596",40000,6,0,1,1,2,16,62,72,28,1,3,1
"597",35000,5,4,2,1,2,12,18,64,72,3,3,0
"599",50000,5,6,2,1,2,16,36,66,54,3,3,0
"600",1e+05,5,10,1,1,2,18,33,70,57,3,3,1
"602",35000,5,9,1,1,2,13,62,69,28,1,3,1
"603",0,5,6,2,1,2,12,39,66,51,3,3,0
"604",24000,5,8,2,1,2,12,55,68,35,2,3,0
"605",0,5,4,2,1,2,12,60,64,30,1,3,0
"608",0,5,3,2,1,2,12,30,63,60,3,3,0
"609",35000,6,2,1,1,2,17,47,74,43,2,3,1
"611",38000,6,1,1,1,2,16,16,73,74,3,3,1
"616",30000,5,7,1,1,2,12,38,67,52,3,3,1
"617",5000,5,4,2,1,1,12,51,64,39,2,2,0
"618",148000,5,7,1,1,2,18,52,67,38,2,3,1
"619",30000,5,10,1,1,2,12,58,70,32,1,3,1
"620",6500,5,4,2,1,2,15,59,64,31,1,3,0
"621",3000,5,2,2,1,2,16,53,62,37,2,3,0
"623",0,5,6,2,1,2,8,37,66,53,3,3,0
"624",23000,5,9,1,1,2,18,21,69,69,3,3,1
"629",40000,5,8,1,1,2,17,49,68,41,2,3,1
"630",30000,6,0,1,1,2,14,51,72,39,2,3,1
"631",0,5,3,2,1,2,14,61,63,29,1,3,0
"632",14000,5,3,2,1,2,12,53,63,37,2,3,0
"633",15000,5,9,2,1,2,12,56,69,34,1,3,0
"634",26000,5,4,2,1,2,18,54,64,36,2,3,0
"635",8000,5,11,2,1,2,12,65,71,25,1,3,0
"636",24000,5,4,2,2,2,16,63,64,27,1,1,0
"637",0,6,0,1,1,2,8,70,72,20,1,3,1
"638",0,5,2,2,1,2,12,65,62,25,1,3,0
"639",0,5,6,2,1,2,10,52,66,38,2,3,0
"641",5124,5,6,1,1,2,8,23,66,67,3,3,1
"642",10000,5,1,2,1,2,15,65,61,25,1,3,0
"645",0,5,9,2,1,2,13,71,69,19,1,3,0
"646",12000,5,8,2,1,2,16,58,68,32,1,3,0
"648",0,5,6,2,1,2,12,67,66,23,1,3,0
"650",50000,5,8,1,1,2,17,56,68,34,1,3,1
"652",23000,5,4,2,1,2,13,64,64,26,1,3,0
"653",0,5,1,2,1,2,16,50,61,40,2,3,0
"660",40000,5,6,1,2,2,14,56,66,34,1,1,1
"661",6000,5,2,2,2,2,13,64,62,26,1,1,0
"663",5000,5,5,2,2,2,16,60,65,30,1,1,0
"667",110000,5,6,1,1,2,18,53,66,37,2,3,1
"669",41000,6,0,1,1,1,13,58,72,32,1,2,1
"671",23000,5,3,2,1,2,13,12,63,78,3,3,0
"673",0,5,3,2,1,2,12,58,63,32,1,3,0
"674",21000,5,10,1,1,2,12,67,70,23,1,3,1
"675",4000,5,2,2,1,2,12,61,62,29,1,3,0
"676",25000,5,11,1,1,2,12,54,71,36,2,3,1
"677",30000,5,10,1,1,2,18,44,70,46,2,3,1
"678",14000,5,4,2,1,2,11,39,64,51,3,3,0
"679",6000,5,3,2,1,2,12,55,63,35,2,3,0
"680",14000,5,5,2,1,2,12,44,65,46,2,3,0
"681",43000,5,11,1,1,2,12,63,71,27,1,3,1
"682",25000,5,2,2,1,2,15,57,62,33,1,3,0
"683",40000,6,1,1,1,2,12,24,73,66,3,3,1
"685",65000,5,8,1,1,2,17,50,68,40,2,3,1
"686",16000,6,4,1,1,2,15,58,76,32,1,3,1
"690",8000,5,6,2,1,2,12,19,66,71,3,3,0
"691",20000,5,4,2,1,2,15,51,64,39,2,3,0
"692",14000,5,0,2,1,2,14,18,60,72,3,3,0
"693",45000,5,8,1,1,2,12,16,68,74,3,3,1
"694",8000,5,1,2,1,2,11,18,61,72,3,3,0
"696",12000,5,6,1,1,2,12,62,66,28,1,3,1
"697",8000,5,3,2,1,2,14,59,63,31,1,3,0
"698",16000,5,3,2,1,2,15,58,63,32,1,3,0
"700",6000,6,2,1,1,2,15,17,74,73,3,3,1
"703",19000,5,10,1,1,2,12,58,70,32,1,3,1
"704",21000,5,8,2,1,2,13,51,68,39,2,3,0
"705",43000,5,10,2,1,2,18,44,70,46,2,3,0
"706",35000,5,9,1,1,2,15,69,69,21,1,3,1
"707",8000,5,10,1,1,2,10,15,70,75,3,3,1
"708",21000,5,3,2,1,2,14,49,63,41,2,3,0
"709",5800,5,5,2,1,2,12,60,65,30,1,3,0
"710",17000,5,9,1,1,2,12,44,69,46,2,3,1
"713",24000,5,8,1,1,2,14,41,68,49,2,3,1
"714",5000,5,2,2,1,2,11,19,62,71,3,3,0
"716",11000,5,6,2,1,2,12,67,66,23,1,3,0
"717",10000,5,5,1,1,2,13,63,65,27,1,3,1
"718",40000,5,10,1,1,2,14,54,70,36,2,3,1
"719",0,5,6,2,2,2,12,53,66,37,2,1,0
"721",40000,5,10,1,1,2,12,43,70,47,2,3,1
"722",24000,5,6,2,2,2,14,61,66,29,1,1,0
"726",24000,5,8,1,1,2,16,64,68,26,1,3,1
"727",20000,5,8,1,1,2,16,57,68,33,1,3,1
"730",60000,5,10,1,1,2,18,40,70,50,3,3,1
"731",11000,5,5,2,1,2,13,43,65,47,2,3,0
"732",5000,5,4,2,1,2,15,50,64,40,2,3,0
"736",27000,5,5,2,1,2,16,60,65,30,1,3,0
"737",89000,6,5,1,1,2,16,49,77,41,2,3,1
"738",40000,5,10,1,1,2,14,62,70,28,1,3,1
"739",15000,5,4,2,1,2,16,64,64,26,1,3,0
"740",1000,5,4,2,1,2,14,70,64,20,1,3,0
"742",0,5,2,2,1,2,12,62,62,28,1,3,0
"743",22000,5,4,2,1,2,12,30,64,60,3,3,0
"744",12000,5,4,2,1,2,8,42,64,48,2,3,0
"745",22000,5,3,2,1,2,16,62,63,28,1,3,0
"746",40000,4,10,2,2,2,12,34,58,56,3,1,0
"748",0,5,6,2,1,2,12,32,66,58,3,3,0
"750",40000,5,2,2,1,2,16,46,62,44,2,3,0
"751",0,5,1,2,1,2,13,48,61,42,2,3,0
"752",35000,5,4,2,1,1,14,37,64,53,3,2,0
"753",7000,5,4,2,1,2,12,62,64,28,1,3,0
"755",14000,5,2,2,1,2,12,53,62,37,2,3,0
"757",15000,5,4,2,1,2,12,34,64,56,3,3,0
"759",0,5,6,2,2,2,14,59,66,31,1,1,0
"760",6000,5,6,2,1,2,13,56,66,34,1,3,0
"761",11000,5,9,2,2,2,12,49,69,41,2,1,0
"763",10000,5,4,2,1,2,13,59,64,31,1,3,0
"764",0,5,2,2,1,2,12,31,62,59,3,3,0
"766",20000,5,11,1,1,2,14,49,71,41,2,3,1
"768",7000,5,2,2,1,2,12,17,62,73,3,3,0
"769",38000,5,8,1,1,2,9,44,68,46,2,3,1
"770",29000,5,8,1,1,2,9,32,68,58,3,3,1
"771",20000,5,2,2,1,2,10,46,62,44,2,3,0
"772",8000,5,3,2,1,2,12,33,63,57,3,3,0
"773",36000,5,9,1,1,2,16,39,69,51,3,3,1
"774",1500,5,7,2,1,2,12,46,67,44,2,3,0
"775",42000,5,4,2,1,2,18,61,64,29,1,3,0
"777",25000,5,10,1,1,2,12,68,70,22,1,3,1
"780",13000,5,9,1,1,2,10,70,69,20,1,3,1
"785",30000,5,9,1,2,2,11,39,69,51,3,1,1
"786",7000,5,9,1,1,2,12,67,69,23,1,3,1
"788",31000,5,0,2,2,2,12,42,60,48,2,1,0
"789",15000,5,6,2,2,2,12,48,66,42,2,1,0
"790",0,5,0,2,1,2,18,49,60,41,2,3,0
"791",50000,5,7,1,1,2,16,41,67,49,2,3,1
"793",5000,5,6,1,1,2,15,70,66,20,1,3,1
"795",600,5,10,2,2,2,12,72,70,18,1,1,0
"796",14000,5,4,2,2,2,8,39,64,51,3,1,0
"798",40000,5,0,2,3,2,18,55,60,35,2,4,0
"799",24000,5,8,1,1,2,18,54,68,36,2,3,1
"801",22000,6,1,1,2,2,12,66,73,24,1,1,1
"802",20000,6,0,1,1,2,8,54,72,36,2,3,1
"803",20112,5,4,2,1,2,12,52,64,38,2,3,0
"804",12000,5,7,1,1,2,13,23,67,67,3,3,1
"808",41000,5,7,2,1,2,13,50,67,40,2,3,0
"809",13000,5,11,1,2,2,9,40,71,50,3,1,1
"810",0,5,3,2,1,2,12,65,63,25,1,3,0
"811",60000,6,1,1,1,2,16,59,73,31,1,3,1
"812",24000,5,10,1,1,2,16,65,70,25,1,3,1
"813",38000,5,10,1,1,2,16,54,70,36,2,3,1
"814",3000,5,11,2,1,2,14,63,71,27,1,3,0
"815",13000,5,6,2,1,2,12,60,66,30,1,3,0
"816",5000,6,3,1,1,2,12,69,75,21,1,3,1
"817",20000,5,0,2,1,2,14,53,60,37,2,3,0
"818",22000,6,0,1,1,2,12,62,72,28,1,3,1
"820",0,5,3,2,2,2,16,67,63,23,1,1,0
"821",28000,6,3,1,2,2,9,35,75,55,3,1,1
"822",22000,5,0,2,1,2,12,49,60,41,2,3,0
"823",30000,6,1,1,2,2,12,46,73,44,2,1,1
"825",30000,5,5,2,2,2,12,58,65,32,1,1,0
"828",30000,5,7,1,1,2,16,59,67,31,1,3,1
"829",32000,5,1,2,1,2,12,21,61,69,3,3,0
"830",26000,5,9,2,1,2,17,47,69,43,2,3,0
"831",22000,5,4,2,1,2,14,56,64,34,1,3,0
"833",25000,5,10,1,1,2,12,57,70,33,1,3,1
"834",11000,5,8,2,1,2,10,66,68,24,1,3,0
"836",13000,5,2,2,1,2,12,37,62,53,3,3,0
"837",10000,5,4,2,1,2,15,48,64,42,2,3,0
"838",0,5,8,2,1,2,12,66,68,24,1,3,0
"840",12000,5,8,2,1,2,12,45,68,45,2,3,0
"842",0,5,6,1,1,2,13,33,66,57,3,3,1
"843",7000,5,4,2,1,2,11,26,64,64,3,3,0
"844",57000,6,1,1,1,2,14,53,73,37,2,3,1
"845",36000,6,1,1,1,2,16,53,73,37,2,3,1
"846",29000,5,9,1,1,1,14,61,69,29,1,2,1
"847",8000,5,8,2,1,2,13,71,68,19,1,3,0
"848",3000,5,11,1,2,2,11,72,71,18,1,1,1
"849",0,5,3,2,1,2,12,26,63,64,3,3,0
"851",20000,5,6,2,1,2,16,49,66,41,2,3,0
"852",0,5,6,2,1,2,12,54,66,36,2,3,0
"853",33000,5,6,1,1,2,12,33,66,57,3,3,1
"854",15000,5,8,2,1,1,12,22,68,68,3,2,0
"855",16000,5,10,1,1,2,12,57,70,33,1,3,1
"856",5000,5,2,2,1,2,12,12,62,78,3,3,0
"857",8000,5,6,2,1,2,14,47,66,43,2,3,0
"858",32000,5,3,2,2,2,16,56,63,34,1,1,0
"859",14500,6,3,1,1,2,12,66,75,24,1,3,1
"860",13000,5,7,2,1,2,12,61,67,29,1,3,0
"863",0,5,2,2,1,2,10,70,62,20,1,3,0
"865",7000,5,3,2,1,2,9,65,63,25,1,3,0
"866",50000,5,5,2,2,2,18,25,65,65,3,1,0
"867",12000,5,9,2,2,2,12,55,69,35,2,1,0
"868",19000,5,11,1,1,2,14,29,71,61,3,3,1
"870",9000,5,2,2,1,2,12,35,62,55,3,3,0
"872",20000,5,5,2,2,2,12,55,65,35,2,1,0
"873",55000,6,0,1,1,1,18,55,72,35,2,2,1
"877",10000,5,5,2,1,2,12,50,65,40,2,3,0
"880",13000,5,3,2,1,2,12,71,63,19,1,3,0
"882",20000,5,4,2,1,2,13,59,64,31,1,3,0
"884",30000,6,0,1,1,2,12,64,72,26,1,3,1
"885",12000,5,4,2,1,2,12,56,64,34,1,3,0
"886",26000,5,10,2,1,2,13,57,70,33,1,3,0
"887",12500,5,5,2,1,2,12,63,65,27,1,3,0
"888",8000,5,4,2,1,2,12,61,64,29,1,3,0
"889",15000,5,4,2,1,1,16,58,64,32,1,2,0
"890",65000,5,7,1,1,2,14,65,67,25,1,3,1
"891",25000,6,1,1,1,2,10,69,73,21,1,3,1
"892",8000,6,1,1,1,1,14,69,73,21,1,2,1
"893",15000,5,5,1,3,2,14,69,65,21,1,4,1
"894",12000,5,4,2,1,2,16,50,64,40,2,3,0
"896",35000,5,7,2,2,2,13,53,67,37,2,1,0
"897",40000,5,7,1,1,2,16,59,67,31,1,3,1
"899",29000,6,2,1,1,2,12,68,74,22,1,3,1
"903",15000,5,3,2,1,2,13,59,63,31,1,3,0
"904",20000,6,2,1,1,2,12,54,74,36,2,3,1
"905",3000,6,2,1,2,2,6,28,74,62,3,1,1
"906",1000,5,3,2,2,2,16,71,63,19,1,1,0
"907",8000,5,2,2,2,2,11,67,62,23,1,1,0
"908",5000,5,2,2,1,2,12,72,62,18,1,3,0
"909",25000,5,7,2,1,2,16,63,67,27,1,3,0
"911",20000,5,9,1,1,2,12,33,69,57,3,3,1
"913",30000,6,1,1,1,2,12,56,73,34,1,3,1
"914",12000,5,3,2,1,2,12,55,63,35,2,3,0
"916",0,5,0,2,1,2,12,56,60,34,1,3,0
"922",10000,5,7,2,1,2,14,58,67,32,1,3,0
"923",16000,5,9,1,1,2,12,71,69,19,1,3,1
"924",45000,5,11,1,1,2,12,61,71,29,1,3,1
"925",40000,6,0,1,1,2,14,36,72,54,3,3,1
"927",0,5,3,2,1,2,12,28,63,62,3,3,0
"929",25000,5,10,1,1,2,14,9,70,81,3,3,1
"930",19000,5,4,2,1,2,14,38,64,52,3,3,0
"931",17600,5,4,2,1,2,16,60,64,30,1,3,0
"932",7000,5,8,1,1,2,12,23,68,67,3,3,1
"933",30000,6,2,1,1,2,12,58,74,32,1,3,1
"934",18000,5,2,2,1,2,11,43,62,47,2,3,0
"936",25000,5,5,2,1,2,16,43,65,47,2,3,0
"937",0,5,6,2,1,2,14,35,66,55,3,3,0
"938",6000,5,0,2,1,2,5,28,60,62,3,3,0
"939",70000,5,9,1,1,2,18,48,69,42,2,3,1
"940",15000,5,1,2,3,2,16,56,61,34,1,4,0
"942",25000,5,5,2,1,2,17,57,65,33,1,3,0
"943",35000,5,6,2,1,2,16,62,66,28,1,3,0
"944",18000,5,10,1,1,2,16,66,70,24,1,3,1
"945",28000,6,0,1,2,2,15,60,72,30,1,1,1
"948",15000,5,4,2,1,1,11,69,64,21,1,2,0
"949",22000,5,11,1,1,1,14,62,71,28,1,2,1
"950",0,5,3,2,1,2,12,61,63,29,1,3,0
"951",35000,6,1,1,1,2,12,60,73,30,1,3,1
"952",18000,5,4,2,2,2,15,44,64,46,2,1,0
"953",35000,5,8,1,1,2,14,53,68,37,2,3,1
"954",16400,5,4,2,2,2,12,69,64,21,1,1,0
"955",22000,5,6,1,2,2,16,53,66,37,2,1,1
"956",30000,5,7,2,1,2,16,32,67,58,3,3,0
"957",17000,5,4,2,1,1,12,63,64,27,1,2,0
"958",25000,5,4,2,2,2,14,54,64,36,2,1,0
"959",10000,5,2,2,1,2,12,39,62,51,3,3,0
"960",40000,5,9,1,1,2,12,53,69,37,2,3,1
"961",12500,5,3,2,1,2,12,27,63,63,3,3,0
"965",35000,6,0,1,1,2,15,45,72,45,2,3,1
"966",0,5,1,2,9,1,16,67,61,23,1,2,0
"967",105000,6,3,1,1,2,12,41,75,49,2,3,1
"969",1e+05,5,10,1,1,2,18,50,70,40,2,3,1
"971",21000,5,9,1,1,2,12,39,69,51,3,3,1
"972",10000,5,4,2,1,2,14,34,64,56,3,3,0
"973",33000,6,0,1,1,2,12,64,72,26,1,3,1
"974",26000,5,9,1,1,2,18,65,69,25,1,3,1
"975",60000,5,3,2,1,2,10,12,63,78,3,3,0
"978",18000,5,11,1,1,2,16,45,71,45,2,3,1
"980",15000,4,11,2,1,2,8,29,59,61,3,3,0
"981",5000,5,8,1,1,2,13,70,68,20,1,3,1
"983",60000,6,5,1,1,2,17,48,77,42,2,3,1
"984",12000,5,8,2,1,2,14,21,68,69,3,3,0
"985",28000,5,10,1,2,2,18,52,70,38,2,1,1
"986",42000,5,9,1,1,2,18,47,69,43,2,3,1
"987",2000,5,3,2,1,2,12,57,63,33,1,3,0
"989",20000,6,1,1,2,2,18,57,73,33,1,1,1
"990",28000,5,6,1,3,2,15,50,66,40,2,4,1
"991",10000,6,0,1,2,2,17,28,72,62,3,1,1
"992",0,5,6,1,1,2,16,25,66,65,3,3,1
"993",31000,6,0,1,2,2,12,59,72,31,1,1,1
"994",17000,5,9,2,2,2,13,53,69,37,2,1,0
"995",16000,5,7,2,1,2,12,51,67,39,2,3,0
"996",35000,5,6,2,1,2,15,52,66,38,2,3,0
"997",3000,5,7,2,1,2,12,64,67,26,1,3,0
"1001",16000,5,8,2,1,2,18,51,68,39,2,3,0
"1002",35000,5,5,2,2,2,15,48,65,42,2,1,0
"1003",27000,5,2,2,2,2,17,57,62,33,1,1,0
"1004",25000,5,9,1,1,2,17,61,69,29,1,3,1
"1005",0,5,2,2,1,2,14,12,62,78,3,3,0
"1006",40000,5,10,1,1,2,16,49,70,41,2,3,1
"1007",45000,5,6,2,1,2,16,47,66,43,2,3,0
"1008",14000,5,6,1,1,2,12,67,66,23,1,3,1
"1010",25000,5,6,2,1,2,14,53,66,37,2,3,0
"1012",40000,6,0,1,1,2,12,48,72,42,2,3,1
"1015",34000,5,9,1,1,2,12,55,69,35,2,3,1
"1016",40000,5,6,1,1,2,12,56,66,34,1,3,1
"1018",35000,5,9,1,1,2,14,62,69,28,1,3,1
"1019",12000,5,0,2,1,1,12,39,60,51,3,2,0
"1020",30000,5,5,2,1,2,17,47,65,43,2,3,0
"1021",23000,5,2,2,1,2,12,50,62,40,2,3,0
"1022",2000,5,7,2,1,2,12,60,67,30,1,3,0
"1023",20000,5,7,1,1,2,14,65,67,25,1,3,1
"1024",10000,5,8,2,2,2,9,28,68,62,3,1,0
"1025",0,5,5,2,2,2,6,23,65,67,3,1,0
"1030",60000,5,6,2,2,2,16,47,66,43,2,1,0
"1031",12000,6,2,1,2,2,16,49,74,41,2,1,1
"1032",25000,5,5,2,1,2,18,29,65,61,3,3,0
"1033",22000,5,3,2,2,2,14,17,63,73,3,1,0
"1034",0,5,2,2,1,2,12,52,62,38,2,3,0
"1035",8000,5,8,1,1,2,17,65,68,25,1,3,1
"1037",2000,5,6,2,1,2,16,69,66,21,1,3,0
"1040",18600,5,5,2,1,2,16,64,65,26,1,3,0
"1041",20000,5,2,2,1,2,14,70,62,20,1,3,0
"1042",1e+05,6,1,1,1,2,18,53,73,37,2,3,1
"1043",50000,5,2,2,1,2,15,50,62,40,2,3,0
"1044",27000,5,10,1,1,2,12,48,70,42,2,3,1
"1045",1000,4,10,2,2,2,12,32,58,58,3,1,0
"1046",18000,5,8,1,1,2,12,70,68,20,1,3,1
"1047",17000,5,7,2,1,2,14,67,67,23,1,3,0
"1048",10000,5,4,2,1,2,12,16,64,74,3,3,0
"1051",14000,5,10,1,1,2,14,55,70,35,2,3,1
"1052",7200,6,0,1,1,2,14,24,72,66,3,3,1
"1054",0,5,3,2,9,2,8,38,63,52,3,4,0
"1055",33000,5,3,2,1,2,17,51,63,39,2,3,0
"1056",23000,5,6,1,1,2,12,56,66,34,1,3,1
"1057",10000,5,5,2,1,2,12,49,65,41,2,3,0
"1058",22000,5,1,1,1,2,12,66,61,24,1,3,1
"1059",13000,5,1,2,1,1,12,71,61,19,1,2,0
"1060",33000,5,7,2,1,2,12,59,67,31,1,3,0
"1061",36000,6,1,1,1,2,12,54,73,36,2,3,1
"1063",10000,5,11,2,2,2,14,58,71,32,1,1,0
"1064",6000,5,4,2,1,2,12,30,64,60,3,3,0
"1066",12000,5,7,2,1,2,12,47,67,43,2,3,0
"1067",10000,5,2,2,1,2,11,43,62,47,2,3,0
"1068",21000,5,7,2,1,2,12,45,67,45,2,3,0
"1069",26000,5,9,1,1,2,12,58,69,32,1,3,1
"1070",22000,5,6,2,2,2,12,40,66,50,3,1,0
"1071",23000,5,6,2,2,2,15,36,66,54,3,1,0
"1072",20000,5,6,1,1,2,15,66,66,24,1,3,1
"1074",10000,5,6,2,1,2,13,52,66,38,2,3,0
"1075",15000,5,4,2,1,2,12,19,64,71,3,3,0
"1076",7000,6,0,1,2,2,14,66,72,24,1,1,1
"1077",15000,5,4,2,1,2,12,52,64,38,2,3,0
"1078",0,5,4,2,1,2,12,30,64,60,3,3,0
"1079",26000,5,5,2,1,2,16,56,65,34,1,3,0
"1081",10000,6,0,1,1,2,11,59,72,31,1,3,1
"1083",0,5,3,2,1,2,8,33,63,57,3,3,0
"1084",3000,5,11,1,1,2,14,70,71,20,1,3,1
"1085",27000,5,4,2,1,1,17,49,64,41,2,2,0
"1088",28000,5,4,2,1,2,17,65,64,25,1,3,0
"1090",15000,5,7,2,1,2,12,63,67,27,1,3,0
"1091",55000,6,3,1,1,2,18,60,75,30,1,3,1
"1092",20000,5,6,2,1,1,17,64,66,26,1,2,0
"1093",8500,5,7,2,1,2,12,46,67,44,2,3,0
"1094",0,5,8,2,1,2,12,32,68,58,3,3,0
"1097",30000,5,11,1,1,2,16,60,71,30,1,3,1
"1098",0,5,2,2,1,2,12,24,62,66,3,3,0
"1101",20000,5,8,2,1,2,12,59,68,31,1,3,0
"1103",22000,5,10,1,1,2,6,15,70,75,3,3,1
"1104",25000,5,7,1,1,2,16,64,67,26,1,3,1
"1105",0,5,4,2,1,2,16,28,64,62,3,3,0
"1109",3000,5,11,1,1,2,8,68,71,22,1,3,1
"1110",16000,5,3,2,1,2,12,41,63,49,2,3,0
"1113",0,5,4,2,1,2,12,33,64,57,3,3,0
"1114",10000,5,1,2,2,2,12,51,61,39,2,1,0
"1116",15000,5,5,2,2,2,12,62,65,28,1,1,0
"1117",28000,5,7,1,1,2,12,44,67,46,2,3,1
"1123",31500,5,5,1,1,2,14,55,65,35,2,3,1
"1124",95000,5,6,1,1,2,18,38,66,52,3,3,1
"1127",38000,5,7,1,1,2,12,50,67,40,2,3,1
"1130",30000,6,2,1,1,2,12,49,74,41,2,3,1
"1131",35900,6,2,1,1,2,16,48,74,42,2,3,1
"1132",12000,5,6,2,1,2,13,68,66,22,1,3,0
"1136",10000,5,9,2,1,2,16,65,69,25,1,3,0
"1137",45000,5,6,2,1,2,18,46,66,44,2,3,0
"1140",40000,6,2,1,1,2,16,34,74,56,3,3,1
"1142",21500,6,0,1,1,2,12,63,72,27,1,3,1
"1143",14000,5,6,1,1,2,12,28,66,62,3,3,1
"1144",38000,5,7,1,4,2,17,36,67,54,3,4,1
"1145",1000,5,5,2,1,2,12,72,65,18,1,3,0
"1146",14000,5,6,1,1,2,12,17,66,73,3,3,1
"1147",15000,5,5,2,1,2,12,59,65,31,1,3,0
"1150",0,5,2,2,1,1,12,27,62,63,3,2,0
"1152",24000,5,8,2,1,2,13,48,68,42,2,3,0
"1153",4500,5,4,2,1,2,16,67,64,23,1,3,0
"1154",18000,5,4,2,1,2,16,27,64,63,3,3,0
"1157",14000,5,3,2,1,2,12,70,63,20,1,3,0
"1158",10000,5,9,2,1,2,12,62,69,28,1,3,0
"1159",9500,5,7,2,1,2,12,58,67,32,1,3,0
"1160",11000,5,3,2,1,2,15,24,63,66,3,3,0
"1161",17000,5,7,1,1,2,12,23,67,67,3,3,1
"1162",6000,5,0,2,1,2,13,62,60,28,1,3,0
"1163",2500,5,2,2,1,2,11,32,62,58,3,3,0
"1164",40000,6,0,1,1,2,16,49,72,41,2,3,1
"1165",0,5,7,2,1,2,14,55,67,35,2,3,0
"1166",25000,5,7,1,1,2,16,51,67,39,2,3,1
"1169",28000,5,6,2,2,2,15,30,66,60,3,1,0
"1170",33000,5,6,2,2,2,12,45,66,45,2,1,0
"1172",4000,5,0,2,1,2,8,26,60,64,3,3,0
"1173",0,5,7,2,1,2,12,61,67,29,1,3,0
"1174",4100,5,5,1,1,2,16,60,65,30,1,3,1
"1176",25000,5,9,2,1,2,12,8,69,82,3,3,0
"1177",32000,6,0,1,1,2,12,62,72,28,1,3,1
"1180",13000,5,4,2,1,2,8,32,64,58,3,3,0
"1181",8000,5,4,1,1,1,8,63,64,27,1,2,1
"1183",0,5,2,2,3,2,17,64,62,26,1,4,0
"1185",0,5,5,2,1,2,13,34,65,56,3,3,0
"1186",17000,5,4,2,1,2,12,52,64,38,2,3,0
"1187",15000,5,7,2,1,2,12,13,67,77,3,3,0
"1188",18000,5,6,1,1,2,13,58,66,32,1,3,1
"1189",12000,6,1,1,1,2,12,66,73,24,1,3,1
"1190",7000,6,2,1,1,2,7,41,74,49,2,3,1
"1191",0,5,6,2,1,2,12,66,66,24,1,3,0
"1192",1200,5,5,2,1,2,14,68,65,22,1,3,0
"1193",0,6,0,1,1,2,12,72,72,18,1,3,1
"1194",0,5,4,2,1,2,12,72,64,18,1,3,0
"1197",14000,5,3,1,1,2,12,69,63,21,1,3,1
"1198",17000,5,3,2,1,2,12,50,63,40,2,3,0
"1199",30000,5,6,1,1,2,12,48,66,42,2,3,1
"1201",0,6,0,1,1,2,10,27,72,63,3,3,1
"1205",25000,5,10,1,1,2,12,37,70,53,3,3,1
"1207",22000,5,6,2,1,1,12,57,66,33,1,2,0
"1208",15000,5,3,2,1,2,12,69,63,21,1,3,0
"1211",20000,5,3,2,1,2,16,64,63,26,1,3,0
"1212",9000,5,9,2,1,2,11,56,69,34,1,3,0
"1213",0,5,6,2,1,2,14,66,66,24,1,3,0
"1214",17000,6,1,1,1,2,12,60,73,30,1,3,1
"1218",1800,5,8,2,1,2,12,44,68,46,2,3,0
"1219",18000,5,4,2,1,2,12,44,64,46,2,3,0
"1220",25000,5,3,2,1,2,18,48,63,42,2,3,0
"1223",20000,5,10,1,2,2,16,49,70,41,2,1,1
"1224",75000,5,4,2,1,2,15,50,64,40,2,3,0
"1225",3500,5,6,2,1,2,12,50,66,40,2,3,0
"1226",36000,5,1,2,1,2,12,19,61,71,3,3,0
"1227",30000,6,0,1,1,2,12,65,72,25,1,3,1
"1228",25000,5,5,2,1,2,13,12,65,78,3,3,0
"1229",1000,5,4,2,1,2,14,64,64,26,1,3,0
"1230",60000,5,8,1,1,2,12,24,68,66,3,3,1
"1232",35000,6,2,1,1,2,13,14,74,76,3,3,1
"1233",9000,5,7,1,1,2,13,57,67,33,1,3,1
"1234",35000,5,10,1,1,2,9,6,70,84,3,3,1
"1235",11000,5,6,2,1,2,10,32,66,58,3,3,0
"1236",12000,5,11,1,1,2,12,38,71,52,3,3,1
"1237",30000,5,11,1,1,2,12,47,71,43,2,3,1
"1238",19000,5,11,1,2,2,7,33,71,57,3,1,1
"1240",9000,6,2,1,1,2,9,29,74,61,3,3,1
"1241",30000,6,3,1,1,2,16,61,75,29,1,3,1
"1242",0,5,2,2,1,2,12,57,62,33,1,3,0
"1243",9000,6,0,1,1,2,12,58,72,32,1,3,1
"1244",15000,5,6,2,1,1,16,60,66,30,1,2,0
"1245",8000,5,5,2,2,2,12,59,65,31,1,1,0
"1247",10000,5,6,2,1,2,10,15,66,75,3,3,0
"1249",33000,6,0,1,1,2,12,53,72,37,2,3,1
"1253",12000,5,0,2,1,1,12,62,60,28,1,2,0
"1254",18000,5,4,2,1,2,15,53,64,37,2,3,0
"1257",30000,5,5,2,1,2,13,29,65,61,3,3,0
"1258",12500,5,5,2,1,2,12,58,65,32,1,3,0
"1259",10000,5,2,2,2,2,12,54,62,36,2,1,0
"1260",8500,5,8,1,2,2,13,19,68,71,3,1,1
"1263",21000,6,1,1,2,2,14,44,73,46,2,1,1
"1264",0,5,3,2,1,2,12,61,63,29,1,3,0
"1265",21000,5,4,2,1,2,12,13,64,77,3,3,0
"1268",0,5,6,2,1,2,13,66,66,24,1,3,0
"1270",21000,5,8,2,1,2,17,65,68,25,1,3,0
"1271",0,5,3,2,1,2,13,51,63,39,2,3,0
"1272",5000,5,6,2,1,2,12,38,66,52,3,3,0
"1273",22000,5,11,2,1,2,17,54,71,36,2,3,0
"1275",30000,6,1,1,1,2,14,64,73,26,1,3,1
"1276",0,5,4,2,1,2,12,62,64,28,1,3,0
"1277",123000,5,1,2,1,2,14,32,61,58,3,3,0
"1278",8000,5,3,2,1,2,9,45,63,45,2,3,0
"1279",0,5,3,2,1,2,9,36,63,54,3,3,0
"1280",0,5,2,2,1,2,8,34,62,56,3,3,0
"1281",2000,5,4,2,1,2,9,65,64,25,1,3,0
"1282",7600,5,7,2,1,2,6,28,67,62,3,3,0
"1283",0,5,7,2,1,2,12,72,67,18,1,3,0
"1289",0,5,1,2,1,2,18,45,61,45,2,3,0
"1290",10000,5,3,2,1,2,12,65,63,25,1,3,0
"1291",35000,6,1,1,1,2,12,42,73,48,2,3,1
"1293",15000,5,6,2,1,2,16,33,66,57,3,3,0
"1294",4000,5,10,2,1,2,12,68,70,22,1,3,0
"1295",16000,5,8,1,1,2,8,66,68,24,1,3,1
"1296",200,5,7,2,1,2,12,57,67,33,1,3,0
"1297",23000,6,2,1,1,2,16,65,74,25,1,3,1
"1298",16000,5,4,2,1,2,16,63,64,27,1,3,0
"1299",0,5,1,2,1,2,12,63,61,27,1,3,0
"1300",0,5,6,2,1,2,12,38,66,52,3,3,0
"1301",6000,5,0,2,1,2,12,41,60,49,2,3,0
"1302",600,4,11,2,1,2,9,44,59,46,2,3,0
"1303",0,5,2,2,2,2,16,54,62,36,2,1,0
"1305",0,5,2,2,2,2,14,29,62,61,3,1,0
"1307",0,5,2,2,1,2,12,65,62,25,1,3,0
"1308",28000,6,3,1,4,2,16,56,75,34,1,4,1
"1310",4000,5,6,2,1,2,8,24,66,66,3,3,0
"1311",15000,5,4,1,1,2,12,55,64,35,2,3,1
"1312",15000,5,11,1,1,2,12,65,71,25,1,3,1
"1315",0,5,1,2,1,2,10,55,61,35,2,3,0
"1316",25000,5,3,2,1,2,12,60,63,30,1,3,0
"1317",15000,5,7,2,1,2,12,64,67,26,1,3,0
"1319",40000,5,9,1,1,2,11,46,69,44,2,3,1
"1320",30000,5,10,1,1,2,11,39,70,51,3,3,1
"1321",5000,5,6,2,1,2,12,61,66,29,1,3,0
"1322",35000,6,2,1,1,2,14,56,74,34,1,3,1
"1323",16000,5,5,2,1,2,14,59,65,31,1,3,0
"1326",28000,5,4,2,1,2,16,50,64,40,2,3,0
"1327",20000,5,8,1,1,2,15,48,68,42,2,3,1
"1328",21000,5,6,1,1,2,13,60,66,30,1,3,1
"1330",17000,5,9,1,2,2,12,48,69,42,2,1,1
"1331",24000,5,0,2,1,2,13,40,60,50,3,3,0
"1332",25000,5,1,2,1,2,12,15,61,75,3,3,0
"1333",40000,6,3,1,1,2,12,44,75,46,2,3,1
"1335",0,5,3,2,1,1,9,67,63,23,1,2,0
"1336",0,5,9,1,1,2,13,70,69,20,1,3,1
"1337",0,5,6,2,1,2,16,27,66,63,3,3,0
"1338",8000,5,4,2,1,2,13,71,64,19,1,3,0
"1340",19000,5,3,2,1,1,15,45,63,45,2,2,0
"1343",45000,5,7,2,1,2,16,21,67,69,3,3,0
"1344",5000,5,4,1,2,2,17,57,64,33,1,1,1
"1345",0,6,0,1,1,2,14,69,72,21,1,3,1
"1346",24000,5,3,2,2,2,14,50,63,40,2,1,0
"1347",5000,5,7,2,1,2,14,71,67,19,1,3,0
"1349",33000,5,6,1,1,2,16,56,66,34,1,3,1
"1350",24000,5,5,2,1,2,14,66,65,24,1,3,0
"1351",6000,5,3,2,1,2,13,67,63,23,1,3,0
"1352",90000,5,6,2,1,2,14,35,66,55,3,3,0
"1353",0,5,4,2,1,2,16,45,64,45,2,3,0
"1354",57000,5,4,2,1,2,18,43,64,47,2,3,0
"1356",13800,5,11,1,1,2,14,36,71,54,3,3,1
"1357",30000,5,11,1,1,2,18,53,71,37,2,3,1
"1358",15000,6,0,1,1,2,12,50,72,40,2,3,1
"1359",15000,5,0,2,1,2,14,15,60,75,3,3,0
"1360",31000,5,10,1,1,2,12,61,70,29,1,3,1
"1361",33000,6,2,1,1,2,17,50,74,40,2,3,1
"1363",30000,5,8,1,1,2,18,29,68,61,3,3,1
"1364",12000,6,2,1,1,2,12,52,74,38,2,3,1
"1365",5000,6,3,1,1,2,12,68,75,22,1,3,1
"1366",21000,5,8,1,1,2,12,31,68,59,3,3,1
"1368",28000,5,3,2,1,2,18,44,63,46,2,3,0
"1371",12000,6,0,1,1,2,12,59,72,31,1,3,1
"1372",19000,5,4,2,1,2,12,44,64,46,2,3,0
"1373",6000,5,3,2,1,2,14,55,63,35,2,3,0
"1374",5300,5,6,2,1,2,13,30,66,60,3,3,0
"1376",15000,5,1,2,1,2,13,62,61,28,1,3,0
"1379",0,5,2,2,1,2,12,61,62,29,1,3,0
"1381",17000,6,1,1,1,2,12,44,73,46,2,3,1
"1383",4700,5,6,2,2,2,12,12,66,78,3,1,0
"1385",0,5,8,2,1,2,12,72,68,18,1,3,0
"1386",9500,5,2,2,1,2,12,25,62,65,3,3,0
"1387",1700,5,5,1,1,2,12,68,65,22,1,3,1
"1388",0,5,3,2,1,2,14,47,63,43,2,3,0
"1389",5400,5,2,2,1,2,12,59,62,31,1,3,0
"1390",10000,5,8,1,1,2,12,59,68,31,1,3,1
"1391",25000,4,11,2,1,2,15,7,59,83,3,3,0
"1392",0,5,2,2,1,2,12,51,62,39,2,3,0
"1397",0,5,4,2,1,2,9,27,64,63,3,3,0
"1402",35000,5,8,2,1,2,16,47,68,43,2,3,0
"1404",28000,5,3,2,1,2,18,46,63,44,2,3,0
"1405",42000,5,3,2,1,2,12,50,63,40,2,3,0
"1407",45000,5,8,1,1,2,12,32,68,58,3,3,1
"1408",55000,5,4,2,1,2,12,39,64,51,3,3,0
"1412",36000,5,10,2,1,2,16,60,70,30,1,3,0
"1414",25000,5,10,1,1,2,10,59,70,31,1,3,1
"1415",19000,6,0,1,1,2,12,62,72,28,1,3,1
"1416",38000,5,9,1,1,2,11,40,69,50,3,3,1
"1417",15000,5,3,2,1,2,14,53,63,37,2,3,0
"1418",4500,4,10,2,1,2,5,5,58,85,3,3,0
"1419",96000,5,3,2,1,2,14,63,63,27,1,3,0
"1420",11000,5,3,2,1,2,12,43,63,47,2,3,0
"1421",9000,6,1,1,1,2,15,56,73,34,1,3,1
"1422",5000,5,9,2,1,2,14,66,69,24,1,3,0
"1423",50000,5,10,1,1,2,12,39,70,51,3,3,1
"1424",0,5,6,2,1,2,12,31,66,59,3,3,0
"1426",0,5,6,2,1,2,16,28,66,62,3,3,0
"1427",6000,5,5,2,1,2,13,46,65,44,2,3,0
"1428",1e+05,6,0,1,1,2,13,68,72,22,1,3,1
"1429",16500,5,2,2,1,2,13,44,62,46,2,3,0
"1431",0,5,9,1,1,2,12,72,69,18,1,3,1
"1435",32000,6,0,1,1,2,14,50,72,40,2,3,1
"1436",30000,6,1,1,1,2,18,49,73,41,2,3,1
"1437",10000,5,8,2,1,2,16,48,68,42,2,3,0
"1439",0,5,4,2,1,2,12,55,64,35,2,3,0
"1440",15000,5,6,2,1,2,12,71,66,19,1,3,0
"1442",6500,5,0,2,1,2,8,7,60,83,3,3,0
"1443",26000,5,0,2,1,2,18,27,60,63,3,3,0
"1444",17000,5,5,2,1,2,12,31,65,59,3,3,0
"1445",22000,5,3,2,4,2,18,31,63,59,3,4,0
"1447",10000,5,4,2,1,2,12,49,64,41,2,3,0
"1448",50000,5,11,1,1,2,14,32,71,58,3,3,1
"1449",20000,5,7,1,1,2,12,55,67,35,2,3,1
"1452",0,5,7,2,1,2,13,31,67,59,3,3,0
"1453",400,5,3,2,1,2,12,59,63,31,1,3,0
"1455",16000,5,5,2,1,2,14,31,65,59,3,3,0
"1457",10000,5,6,2,1,2,12,24,66,66,3,3,0
"1458",14000,5,3,2,1,2,13,32,63,58,3,3,0
"1459",5000,5,5,2,1,2,15,70,65,20,1,3,0
"1460",40000,6,2,1,1,2,16,56,74,34,1,3,1
"1461",5000,5,7,2,1,2,13,35,67,55,3,3,0
"1462",25000,5,8,2,1,2,17,43,68,47,2,3,0
"1463",12000,5,5,2,1,2,12,39,65,51,3,3,0
"1464",58000,5,4,2,1,2,16,56,64,34,1,3,0
"1465",18000,5,8,2,1,2,16,64,68,26,1,3,0
"1466",1000,5,5,1,1,2,12,72,65,18,1,3,1
"1467",21000,6,0,1,1,2,17,43,72,47,2,3,1
"1468",11000,5,6,1,2,2,12,28,66,62,3,1,1
"1470",13000,5,4,2,1,2,12,54,64,36,2,3,0
"1471",0,5,4,2,1,2,12,37,64,53,3,3,0
"1473",25000,6,0,1,2,2,12,55,72,35,2,1,1
"1476",600,5,4,2,1,2,12,47,64,43,2,3,0
"1477",25000,5,7,1,2,2,14,64,67,26,1,1,1
"1479",36000,5,8,1,1,2,12,62,68,28,1,3,1
"1480",15000,5,4,2,4,2,13,57,64,33,1,4,0
"1482",3500,5,6,2,1,2,12,39,66,51,3,3,0
"1483",19005,5,5,2,1,2,16,56,65,34,1,3,0
"1484",62000,5,10,1,1,2,14,36,70,54,3,3,1
"1486",25000,5,10,1,1,2,12,48,70,42,2,3,1
"1487",50000,5,6,1,1,2,12,38,66,52,3,3,1
"1488",0,5,4,2,1,2,12,62,64,28,1,3,0
"1489",0,5,6,2,1,2,13,64,66,26,1,3,0
"1490",40000,5,6,1,1,2,12,29,66,61,3,3,1
"1491",26000,6,2,1,1,2,18,64,74,26,1,3,1
"1494",22000,5,2,2,1,2,12,42,62,48,2,3,0
"1495",21000,5,6,2,1,2,17,51,66,39,2,3,0
"1496",6108,5,2,2,1,2,12,25,62,65,3,3,0
"1497",30000,5,5,2,2,2,18,26,65,64,3,1,0
"1501",6000,5,3,2,1,2,12,12,63,78,3,3,0
"1503",27000,5,11,1,1,2,16,61,71,29,1,3,1
"1505",4000,5,6,2,1,2,16,48,66,42,2,3,0
"1507",4416,5,2,2,9,2,6,18,62,72,3,4,0
"1511",0,5,2,2,1,2,12,14,62,76,3,3,0
"1512",5000,5,3,2,1,2,10,3,63,87,3,3,0
"1513",0,5,5,2,1,2,9,15,65,75,3,3,0
"1514",45000,5,7,1,1,2,18,50,67,40,2,3,1
"1515",18000,5,1,2,1,2,14,45,61,45,2,3,0
"1516",6000,5,6,2,1,2,15,68,66,22,1,3,0
"1517",0,5,1,2,1,2,12,41,61,49,2,3,0
"1518",14000,6,0,1,1,2,12,66,72,24,1,3,1
"1519",35000,5,9,2,1,2,14,66,69,24,1,3,0
"1521",15000,5,4,2,1,2,16,61,64,29,1,3,0
"1522",12000,5,3,2,2,2,12,61,63,29,1,1,0
"1523",1000,5,0,2,1,2,12,43,60,47,2,3,0
"1524",32000,5,10,1,2,2,15,57,70,33,1,1,1
"1528",1500,6,1,1,1,2,12,71,73,19,1,3,1
"1531",3000,5,5,2,2,2,16,67,65,23,1,1,0
"1533",35000,5,4,2,1,2,12,48,64,42,2,3,0
"1534",0,5,3,2,1,2,12,45,63,45,2,3,0
"1535",0,5,3,2,1,2,16,61,63,29,1,3,0
"1536",70000,6,0,1,1,2,15,42,72,48,2,3,1
"1537",21000,5,7,2,1,2,16,62,67,28,1,3,0
"1538",50000,5,9,1,1,2,11,72,69,18,1,3,1
"1539",15000,5,11,1,1,2,9,69,71,21,1,3,1
"1540",0,5,8,1,1,1,10,72,68,18,1,2,1
"1542",0,6,1,1,2,2,12,70,73,20,1,1,1
"1544",9000,5,6,2,2,2,8,55,66,35,2,1,0
"1547",10000,5,3,2,2,2,14,65,63,25,1,1,0
"1548",0,5,5,2,1,2,12,30,65,60,3,3,0
"1551",30000,5,11,1,1,2,12,43,71,47,2,3,1
"1552",16000,6,0,1,1,2,14,69,72,21,1,3,1
"1553",20000,5,8,1,1,2,12,39,68,51,3,3,1
"1554",0,5,4,2,1,2,12,45,64,45,2,3,0
"1555",1e+05,6,0,1,1,2,17,36,72,54,3,3,1
"1557",10000,5,6,2,1,2,12,47,66,43,2,3,0
"1559",35000,5,6,1,1,2,14,27,66,63,3,3,1
"1560",7000,5,5,2,1,2,16,59,65,31,1,3,0
"1561",0,5,5,2,1,2,12,28,65,62,3,3,0
"1562",0,5,6,2,1,2,12,38,66,52,3,3,0
"1563",0,5,5,2,1,2,11,52,65,38,2,3,0
"1564",8000,5,11,1,2,2,14,63,71,27,1,1,1
"1565",11000,6,2,1,1,2,10,40,74,50,3,3,1
"1566",25000,5,10,1,1,2,9,43,70,47,2,3,1
"1567",25000,5,4,2,1,2,14,45,64,45,2,3,0
"1568",30000,5,9,1,1,2,14,42,69,48,2,3,1
"1570",0,5,6,1,1,2,12,64,66,26,1,3,1
"1571",48000,5,3,2,1,2,18,56,63,34,1,3,0
"1572",17000,5,8,2,1,2,12,44,68,46,2,3,0
"1575",0,5,11,2,1,2,8,20,71,70,3,3,0
"1578",26000,6,1,1,1,2,16,66,73,24,1,3,1
"1580",10000,5,3,2,1,2,12,29,63,61,3,3,0
"1582",0,5,5,2,1,2,11,33,65,57,3,3,0
"1584",60000,5,11,1,1,2,18,37,71,53,3,3,1
"1585",22000,5,5,2,1,2,18,61,65,29,1,3,0
"1590",6200,5,4,2,1,2,13,7,64,83,3,3,0
"1591",24000,5,5,2,1,2,16,58,65,32,1,3,0
"1592",20000,5,11,1,1,2,14,50,71,40,2,3,1
"1593",7000,5,10,2,1,2,14,60,70,30,1,3,0
"1594",0,6,1,1,2,2,12,71,73,19,1,1,1
"1597",30000,5,8,2,2,2,16,42,68,48,2,1,0
"1598",23000,5,6,2,1,2,18,62,66,28,1,3,0
"1599",20000,5,4,2,1,2,12,50,64,40,2,3,0
"1600",3000,5,6,2,1,2,16,61,66,29,1,3,0
"1601",0,5,3,2,1,2,12,59,63,31,1,3,0
"1602",30000,5,10,1,1,2,16,49,70,41,2,3,1
"1604",12000,5,4,2,1,2,14,67,64,23,1,3,0
"1606",0,5,6,2,1,2,7,49,66,41,2,3,0
"1608",0,5,3,2,1,2,10,53,63,37,2,3,0
"1609",40000,5,11,1,1,2,12,52,71,38,2,3,1
"1610",15000,5,4,2,1,2,14,67,64,23,1,3,0
"1613",36000,5,3,2,1,2,16,45,63,45,2,3,0
"1614",10000,5,6,2,1,2,12,37,66,53,3,3,0
"1616",0,5,3,2,1,2,11,25,63,65,3,3,0
"1617",13000,5,8,2,1,2,14,42,68,48,2,3,0
"1618",0,5,5,2,1,2,12,31,65,59,3,3,0
"1619",0,5,1,2,1,2,14,49,61,41,2,3,0
"1620",10000,5,2,2,2,2,12,63,62,27,1,1,0
"1621",30000,5,9,1,2,1,12,53,69,37,2,1,1
"1624",23000,5,4,1,1,2,13,58,64,32,1,3,1
"1625",20000,5,10,1,1,2,17,22,70,68,3,3,1
"1626",19000,5,5,2,1,2,13,8,65,82,3,3,0
"1628",20000,5,1,1,2,2,11,24,61,66,3,1,1
"1629",28000,5,4,1,2,2,14,27,64,63,3,1,1
"1630",13000,5,5,2,1,2,10,10,65,80,3,3,0
"1631",12000,5,4,1,1,2,12,15,64,75,3,3,1
"1633",20000,5,9,1,1,2,11,67,69,23,1,3,1
"1637",25000,6,2,1,1,2,12,60,74,30,1,3,1
"1639",25000,5,8,2,1,2,13,38,68,52,3,3,0
"1640",0,5,8,2,1,2,12,56,68,34,1,3,0
"1641",0,5,5,2,1,2,14,49,65,41,2,3,0
"1642",18000,5,7,2,1,2,16,50,67,40,2,3,0
"1643",0,5,5,2,1,2,12,72,65,18,1,3,0
"1644",0,5,4,2,1,2,18,44,64,46,2,3,0
"1645",6000,5,2,2,1,2,10,22,62,68,3,3,0
"1646",16000,6,0,1,1,2,13,67,72,23,1,3,1
"1647",45000,6,1,1,1,2,16,52,73,38,2,3,1
"1649",25000,5,10,1,1,2,14,21,70,69,3,3,1
"1650",12000,5,4,2,1,2,14,52,64,38,2,3,0
"1651",2000,5,8,2,1,2,12,72,68,18,1,3,0
"1654",10000,5,3,2,1,2,12,72,63,18,1,3,0
"1656",14000,5,11,1,1,2,12,54,71,36,2,3,1
"1657",15000,5,4,2,1,2,12,59,64,31,1,3,0
"1658",0,5,7,2,1,2,11,53,67,37,2,3,0
"1659",10000,5,0,2,1,2,12,51,60,39,2,3,0
"1661",1200,5,6,2,1,2,4,26,66,64,3,3,0
"1663",15000,4,11,2,1,2,14,28,59,62,3,3,0
"1664",10000,5,3,2,1,2,13,26,63,64,3,3,0
"1665",2000,5,6,1,1,2,12,72,66,18,1,3,1
"1666",0,5,6,2,1,2,12,55,66,35,2,3,0
"1668",4000,5,5,2,1,2,13,57,65,33,1,3,0
"1670",10000,5,4,2,1,2,14,58,64,32,1,3,0
"1675",1500,5,6,2,1,2,12,67,66,23,1,3,0
"1676",18000,5,6,1,9,1,17,64,66,26,1,2,1
"1677",4000,6,1,1,1,2,15,66,73,24,1,3,1
"1678",28000,6,0,1,1,2,16,64,72,26,1,3,1
"1679",10000,6,2,2,1,2,14,68,74,22,1,3,0
"1680",3000,5,5,2,1,2,16,68,65,22,1,3,0
"1681",0,5,4,2,1,2,14,59,64,31,1,3,0
"1683",12000,5,11,1,1,2,12,69,71,21,1,3,1
"1685",19000,5,8,2,1,2,13,45,68,45,2,3,0
"1686",0,5,1,2,1,2,12,57,61,33,1,3,0
"1687",36000,5,10,1,1,2,16,51,70,39,2,3,1
"1688",7000,5,4,2,1,2,16,31,64,59,3,3,0
"1689",35000,4,11,2,1,2,11,56,59,34,1,3,0
"1692",40000,5,8,1,1,2,18,47,68,43,2,3,1
"1693",15000,5,8,1,1,2,14,65,68,25,1,3,1
"1694",8000,5,9,2,1,2,13,47,69,43,2,3,0
"1695",25000,5,9,2,1,2,14,35,69,55,3,3,0
"1697",28000,6,3,1,1,2,18,52,75,38,2,3,1
"1698",22000,5,9,1,1,2,14,55,69,35,2,3,1
"1700",21500,6,0,1,2,2,13,66,72,24,1,1,1
"1701",3000,5,8,2,1,2,12,67,68,23,1,3,0
"1703",23000,6,0,1,1,2,13,62,72,28,1,3,1
"1705",18000,6,0,1,1,2,12,17,72,73,3,3,1
"1707",20000,5,7,1,1,2,16,19,67,71,3,3,1
"1711",16000,5,3,2,1,1,12,44,63,46,2,2,0
"1712",15000,5,9,1,1,2,12,64,69,26,1,3,1
"1713",53000,5,3,2,9,1,17,58,63,32,1,2,0
"1715",26000,6,0,1,1,2,12,63,72,27,1,3,1
"1717",4000,5,5,2,4,2,12,62,65,28,1,4,0
"1718",10000,6,1,1,1,2,16,31,73,59,3,3,1
"1720",43000,5,9,1,1,2,12,39,69,51,3,3,1
"1722",17000,5,9,1,3,2,14,57,69,33,1,4,1
"1723",4000,5,1,2,1,1,12,52,61,38,2,2,0
"1728",50000,6,1,1,1,2,15,42,73,48,2,3,1
"1730",55000,5,7,2,1,2,18,39,67,51,3,3,0
"1731",28000,5,3,2,1,2,16,49,63,41,2,3,0
"1732",0,5,6,2,1,2,12,42,66,48,2,3,0
"1735",5000,5,2,2,1,2,14,42,62,48,2,3,0
"1736",18000,5,5,2,1,2,13,41,65,49,2,3,0
"1737",21000,6,0,1,1,1,15,28,72,62,3,2,1
"1739",12000,5,7,2,1,2,12,57,67,33,1,3,0
"1740",33000,5,5,2,1,1,16,28,65,62,3,2,0
"1742",50000,6,0,1,1,1,13,26,72,64,3,2,1
"1743",6000,5,5,2,1,1,9,16,65,74,3,2,0
"1744",16000,5,4,2,1,2,14,31,64,59,3,3,0
"1745",35000,5,8,1,1,2,12,40,68,50,3,3,1
"1746",25000,5,8,2,1,2,12,47,68,43,2,3,0
"1748",20000,6,4,1,1,2,14,64,76,26,1,3,1
"1749",18000,5,3,2,1,2,12,54,63,36,2,3,0
"1750",34000,6,2,1,1,2,14,12,74,78,3,3,1
"1752",25000,5,8,1,1,2,16,65,68,25,1,3,1
"1755",20000,6,0,1,1,2,17,13,72,77,3,3,1
"1756",33000,5,8,1,1,2,12,21,68,69,3,3,1
"1759",4000,5,5,2,1,2,12,17,65,73,3,3,0
"1761",20000,5,0,2,1,2,8,13,60,77,3,3,0
"1762",40000,6,0,1,1,2,16,57,72,33,1,3,1
"1764",14000,5,4,2,1,2,14,50,64,40,2,3,0
"1765",12000,5,8,2,1,2,12,42,68,48,2,3,0
"1766",25000,5,1,2,1,2,12,59,61,31,1,3,0
"1768",70000,5,7,2,1,2,10,18,67,72,3,3,0
"1769",38000,5,7,2,1,2,17,35,67,55,3,3,0
"1770",14000,5,3,2,1,2,12,62,63,28,1,3,0
"1772",0,5,3,2,1,2,15,57,63,33,1,3,0
"1773",15000,5,0,2,1,2,13,53,60,37,2,3,0
"1774",17000,6,2,1,1,2,16,59,74,31,1,3,1
"1776",60000,5,9,1,1,2,14,24,69,66,3,3,1
"1777",15000,5,7,2,1,2,15,21,67,69,3,3,0
"1778",25000,5,5,1,1,2,16,4,65,86,3,3,1
"1779",18000,5,2,1,1,1,12,27,62,63,3,2,1
"1780",0,5,5,1,1,2,12,35,65,55,3,3,1
"1782",70000,6,0,1,1,2,18,43,72,47,2,3,1
"1783",0,5,6,2,1,1,11,41,66,49,2,2,0
"1784",30000,5,5,2,1,2,18,31,65,59,3,3,0
"1786",8000,5,2,2,1,2,12,39,62,51,3,3,0
"1787",30000,5,11,1,1,2,16,56,71,34,1,3,1
"1788",0,5,2,2,1,2,11,64,62,26,1,3,0
"1789",27000,5,11,1,1,2,14,58,71,32,1,3,1
"1790",47000,5,10,1,1,2,18,47,70,43,2,3,1
"1791",12000,5,7,1,1,1,12,68,67,22,1,2,1
"1793",24000,5,2,2,1,2,17,56,62,34,1,3,0
"1794",13000,5,3,2,1,1,12,55,63,35,2,2,0
"1795",80000,5,1,2,1,2,14,53,61,37,2,3,0
"1796",5000,6,0,1,1,2,12,72,72,18,1,3,1
"1797",0,5,5,2,1,2,12,62,65,28,1,3,0
"1798",25000,5,3,2,1,2,10,30,63,60,3,3,0
"1799",28000,5,6,1,1,2,12,46,66,44,2,3,1
"1800",8000,5,4,2,1,2,15,70,64,20,1,3,0
"1801",10000,5,6,2,1,2,13,39,66,51,3,3,0
"1802",9000,5,8,2,1,2,14,49,68,41,2,3,0
"1803",20000,5,0,2,1,2,12,53,60,37,2,3,0
"1804",12000,5,5,1,1,2,12,19,65,71,3,3,1
"1805",15000,5,5,2,1,2,14,24,65,66,3,3,0
"1806",20000,5,1,2,1,2,14,54,61,36,2,3,0
"1809",28000,5,4,2,1,2,14,54,64,36,2,3,0
"1810",265,5,6,2,1,2,15,69,66,21,1,3,0
"1811",35000,5,9,1,1,2,14,16,69,74,3,3,1
"1813",26000,5,6,2,1,1,14,58,66,32,1,2,0
"1814",27000,5,7,2,1,2,17,56,67,34,1,3,0
"1815",14000,5,8,2,1,2,12,60,68,30,1,3,0
"1816",32000,5,6,1,1,2,16,57,66,33,1,3,1
"1817",10000,5,9,2,1,2,14,58,69,32,1,3,0
"1819",7000,5,9,1,1,2,16,60,69,30,1,3,1
"1820",28000,5,11,1,1,2,17,44,71,46,2,3,1
"1822",60000,6,2,1,1,2,13,36,74,54,3,3,1
"1825",12000,5,9,1,1,2,4,28,69,62,3,3,1
"1828",0,5,5,2,1,2,13,27,65,63,3,3,0
"1829",0,5,5,2,1,2,12,44,65,46,2,3,0
"1831",15000,6,3,2,1,2,13,15,75,75,3,3,0
"1837",15000,6,0,1,1,2,11,27,72,63,3,3,1
"1838",26000,5,4,2,1,2,15,58,64,32,1,3,0
"1839",0,4,11,2,2,2,12,47,59,43,2,1,0
"1840",0,5,11,1,3,2,12,70,71,20,1,4,1
"1841",26000,6,0,1,1,1,16,65,72,25,1,2,1
"1842",18720,5,3,2,2,2,10,54,63,36,2,1,0
"1843",0,5,8,2,2,2,12,68,68,22,1,1,0
"1845",12000,5,4,2,2,2,12,17,64,73,3,1,0
"1846",80000,5,10,1,1,2,17,51,70,39,2,3,1
"1847",48000,5,6,2,1,2,13,51,66,39,2,3,0
"1849",18000,5,2,1,3,2,16,63,62,27,1,4,1
"1852",85000,5,10,1,1,2,15,25,70,65,3,3,1
"1853",35000,5,4,2,2,2,12,43,64,47,2,1,0
"1854",5000,5,9,1,1,2,16,68,69,22,1,3,1
"1855",9000,5,4,2,1,1,13,68,64,22,1,2,0
"1856",30000,5,7,2,1,2,16,63,67,27,1,3,0
"1857",80000,6,0,1,1,2,14,32,72,58,3,3,1
"1858",35000,5,5,2,1,2,16,58,65,32,1,3,0
"1859",12000,5,3,2,1,2,14,56,63,34,1,3,0
"1860",2e+05,5,10,1,1,2,18,56,70,34,1,3,1
"1861",4000,5,4,2,1,2,16,45,64,45,2,3,0
"1862",2000,5,8,1,1,2,12,72,68,18,1,3,1
"1863",24000,5,6,2,1,2,18,21,66,69,3,3,0
"1864",2000,5,6,1,1,1,15,67,66,23,1,2,1
"1866",15000,5,10,1,1,2,17,60,70,30,1,3,1
"1869",6000,5,2,2,1,2,12,25,62,65,3,3,0
"1870",5000,5,6,1,1,2,12,15,66,75,3,3,1
"1871",1500,5,6,2,1,1,12,69,66,21,1,2,0
"1872",28000,5,4,2,1,2,18,42,64,48,2,3,0
"1873",9000,5,10,2,1,2,12,55,70,35,2,3,0
"1874",60000,6,2,1,1,2,14,38,74,52,3,3,1
"1876",1200,5,6,1,1,2,12,71,66,19,1,3,1
"1877",1400,5,2,2,1,1,3,26,62,64,3,2,0
"1879",7000,5,6,2,1,2,13,47,66,43,2,3,0
"1882",21000,5,2,2,1,2,12,59,62,31,1,3,0
"1883",44000,5,9,1,1,2,12,32,69,58,3,3,1
"1885",29000,5,8,1,2,2,16,54,68,36,2,1,1
"1886",3000,6,0,1,1,1,14,72,72,18,1,2,1
"1887",12000,5,4,1,2,2,13,68,64,22,1,1,1
"1888",0,5,4,2,2,1,16,71,64,19,1,1,0
"1889",0,5,0,2,1,1,9,51,60,39,2,2,0
"1890",20000,6,0,1,1,1,12,62,72,28,1,2,1
"1891",1200,5,2,2,2,2,5,17,62,73,3,1,0
"1893",37000,6,2,1,1,2,16,65,74,25,1,3,1
"1894",8000,5,6,1,3,2,10,30,66,60,3,4,1
"1895",35000,5,8,1,3,1,16,60,68,30,1,2,1
"1897",25000,5,2,1,3,2,14,53,62,37,2,4,1
"1898",18000,5,11,2,1,2,10,61,71,29,1,3,0
"1899",30000,5,3,2,2,2,16,54,63,36,2,1,0
"1902",20000,5,9,1,1,2,18,21,69,69,3,3,1
"1904",12000,5,11,1,1,1,6,50,71,40,2,2,1
"1905",0,5,4,2,1,1,12,25,64,65,3,2,0
"1906",10000,5,6,2,1,2,12,22,66,68,3,3,0
"1907",18000,6,0,1,1,2,14,42,72,48,2,3,1
"1908",0,5,2,2,1,1,15,31,62,59,3,2,0
"1911",20000,6,0,1,2,2,12,64,72,26,1,1,1
"1912",31000,5,8,2,1,2,16,47,68,43,2,3,0
"1914",6000,5,4,1,1,1,10,54,64,36,2,2,1
"1915",0,5,4,2,1,2,12,52,64,38,2,3,0
"1917",12000,5,10,1,1,2,13,50,70,40,2,3,1
"1920",13000,5,6,2,1,2,16,57,66,33,1,3,0
"1921",26000,5,7,2,1,2,17,56,67,34,1,3,0
"1922",15000,5,8,2,2,2,11,59,68,31,1,1,0
"1923",30000,5,4,2,1,2,17,62,64,28,1,3,0
"1924",2000,5,5,2,1,2,14,49,65,41,2,3,0
"1925",5000,5,10,1,4,2,13,68,70,22,1,4,1
"1926",53000,5,11,2,1,2,14,64,71,26,1,3,0
"1927",0,5,4,2,1,2,12,54,64,36,2,3,0
"1929",2000,5,2,2,1,2,13,72,62,18,1,3,0
"1930",25000,5,11,1,1,2,17,61,71,29,1,3,1
"1931",5000,6,2,1,1,2,12,72,74,18,1,3,1
"1932",21000,5,4,2,1,2,13,63,64,27,1,3,0
"1935",17000,5,10,2,1,2,15,63,70,27,1,3,0
"1937",12000,5,4,2,1,2,13,53,64,37,2,3,0
"1938",42000,5,10,1,1,1,14,46,70,44,2,2,1
"1939",21000,6,2,1,1,2,12,57,74,33,1,3,1
"1940",6000,5,3,2,1,1,12,25,63,65,3,2,0
"1941",0,4,11,2,1,1,12,44,59,46,2,2,0
"1942",25000,6,2,1,1,2,14,66,74,24,1,3,1
"1943",3000,5,6,2,1,2,14,71,66,19,1,3,0
"1944",3600,5,5,2,1,2,15,23,65,67,3,3,0
"1945",4000,5,11,1,1,2,12,71,71,19,1,3,1
"1946",20000,5,9,1,1,2,14,32,69,58,3,3,1
"1950",52000,5,0,1,1,2,15,40,60,50,3,3,1
"1951",60000,5,4,2,1,2,12,47,64,43,2,3,0
"1952",15000,5,4,2,1,2,13,49,64,41,2,3,0
"1954",90000,6,0,1,1,2,16,40,72,50,3,3,1
"1959",26000,5,1,2,1,2,14,25,61,65,3,3,0
"1960",0,5,2,2,1,1,13,58,62,32,1,2,0
"1961",2000,5,9,1,1,2,12,69,69,21,1,3,1
"1962",16000,5,7,2,1,2,12,29,67,61,3,3,0
"1963",24000,5,5,2,1,1,11,63,65,27,1,2,0
"1965",15000,5,8,1,1,1,16,62,68,28,1,2,1
"1967",42000,6,2,1,1,2,17,47,74,43,2,3,1
"1968",0,5,3,2,1,2,15,42,63,48,2,3,0
"1970",10000,5,5,2,1,2,12,47,65,43,2,3,0
"1971",17000,5,11,1,1,1,13,54,71,36,2,2,1
"1972",30000,5,4,2,1,2,14,56,64,34,1,3,0
"1973",0,5,5,2,1,2,16,68,65,22,1,3,0
"1974",32000,5,9,2,1,2,17,53,69,37,2,3,0
"1975",36000,5,4,2,1,1,17,56,64,34,1,2,0
"1976",10000,6,0,1,1,1,13,70,72,20,1,2,1
"1977",20000,5,3,2,1,2,15,61,63,29,1,3,0
"1979",24000,5,5,2,1,2,12,61,65,29,1,3,0
"1980",17000,6,0,1,1,2,12,58,72,32,1,3,1
"1981",23000,5,5,2,1,2,14,42,65,48,2,3,0
"1982",25000,5,4,2,1,2,12,57,64,33,1,3,0
"1983",50000,5,11,1,1,2,12,40,71,50,3,3,1
"1984",0,5,3,2,1,2,14,51,63,39,2,3,0
"1985",20000,5,2,2,1,2,12,60,62,30,1,3,0
"1986",30000,5,6,2,1,2,16,57,66,33,1,3,0
"1987",7000,5,4,2,1,2,10,51,64,39,2,3,0
"1988",7000,5,7,1,1,2,10,12,67,78,3,3,1
"1989",30000,5,8,1,1,2,11,58,68,32,1,3,1
"1990",3000,5,6,2,1,2,12,66,66,24,1,3,0
"1991",20000,5,6,2,1,2,14,47,66,43,2,3,0
"1992",40000,5,6,2,1,2,16,31,66,59,3,3,0
"1993",10000,5,7,1,1,2,12,13,67,77,3,3,1
"1994",16000,5,6,1,1,2,12,53,66,37,2,3,1
"1995",11000,5,3,2,1,2,9,39,63,51,3,3,0
"1996",16000,5,8,2,1,2,13,47,68,43,2,3,0
"1997",18000,5,10,1,1,2,12,63,70,27,1,3,1
"1999",12000,5,3,2,1,2,16,64,63,26,1,3,0
"2000",4000,5,10,1,2,2,14,69,70,21,1,1,1
"2001",60000,6,0,1,1,2,12,45,72,45,2,3,1
"2002",43000,6,3,1,1,2,17,50,75,40,2,3,1
"2003",31000,5,2,2,1,2,14,51,62,39,2,3,0
"2004",50000,5,8,2,1,2,17,51,68,39,2,3,0
"2005",27000,5,8,2,1,2,14,61,68,29,1,3,0
"2006",30000,5,10,1,1,2,17,34,70,56,3,3,1
"2007",12000,6,1,1,2,2,13,69,73,21,1,1,1
"2010",0,5,9,2,1,2,16,51,69,39,2,3,0
"2011",20000,5,2,2,1,2,17,60,62,30,1,3,0
"2013",15000,5,0,2,2,2,12,14,60,76,3,1,0
"2014",25000,5,4,2,3,2,16,53,64,37,2,4,0
"2016",2000,5,0,2,1,1,6,23,60,67,3,2,0
"2018",3000,6,1,1,1,1,15,70,73,20,1,2,1
"2020",110000,5,6,2,3,2,18,42,66,48,2,4,0
"2021",55000,5,9,1,1,2,18,19,69,71,3,3,1
"2022",58000,5,10,1,1,2,18,37,70,53,3,3,1
"2023",10000,5,10,2,1,2,16,54,70,36,2,3,0
"2024",19000,6,0,1,1,2,12,61,72,29,1,3,1
"2025",15000,5,1,2,1,2,18,8,61,82,3,3,0
"2026",8000,5,4,2,1,2,12,57,64,33,1,3,0
"2027",60000,6,0,1,1,2,12,40,72,50,3,3,1
"2029",6000,5,8,1,1,2,12,63,68,27,1,3,1
